cell_line_name,drug_name,putative_target,ln_ic50,disease
HH,Camptothecin,TOP1,2.328174,cutaneous T cell lymphoma
ZR-75-30,Camptothecin,TOP1,2.824561,breast_cancer
AsPC-1,Camptothecin,TOP1,2.933471,pancreatic_cancer
BT-474,Camptothecin,TOP1,3.498183,breast_cancer
BT-483,Camptothecin,TOP1,2.159467,breast_cancer
EN,Camptothecin,TOP1,1.657261,Endometrial Cancer
FU-OV-1,Camptothecin,TOP1,2.750086,ovarian_cancer
OVKATE,Camptothecin,TOP1,2.720974,Ovarian Cancer
EFM-192A,Camptothecin,TOP1,1.555769,breast_cancer
HCC1428,Camptothecin,TOP1,1.566777,breast_cancer
Calu-3,Vinblastine,Microtubule destabiliser,2.145181,lung_cancer
NCI-H1650,Vinblastine,Microtubule destabiliser,1.732854,lung_cancer
NCI-H2347,Vinblastine,Microtubule destabiliser,1.617405,lung_cancer
HCC1143,Vinblastine,Microtubule destabiliser,1.341923,breast_cancer
HCC1937,Vinblastine,Microtubule destabiliser,1.325397,ductal_carcinoma
RCM-1,Vinblastine,Microtubule destabiliser,1.726829,rectum; adenocarcinoma; well differentiated
ZR-75-30,Vinblastine,Microtubule destabiliser,2.247699,breast_cancer
AsPC-1,Vinblastine,Microtubule destabiliser,2.906669,pancreatic_cancer
BT-483,Vinblastine,Microtubule destabiliser,2.714519,breast_cancer
FU-OV-1,Vinblastine,Microtubule destabiliser,1.096477,ovarian_cancer
OVKATE,Vinblastine,Microtubule destabiliser,1.786467,Ovarian Cancer
EFM-192A,Vinblastine,Microtubule destabiliser,1.203306,breast_cancer
HPAC,Vinblastine,Microtubule destabiliser,1.705566,Pancreatic Cancer
NCI-H1650,Cisplatin,DNA crosslinker,6.987342,lung_cancer
NCI-H226,Cisplatin,DNA crosslinker,8.588153,lung_cancer
AsPC-1,Cisplatin,DNA crosslinker,8.89671,pancreatic_cancer
BT-474,Cisplatin,DNA crosslinker,7.017158,breast_cancer
BT-483,Cisplatin,DNA crosslinker,7.353137,breast_cancer
OVKATE,Cisplatin,DNA crosslinker,7.469825,Ovarian Cancer
HCC1428,Cisplatin,DNA crosslinker,7.299453,breast_cancer
HPAC,Cisplatin,DNA crosslinker,7.128092,Pancreatic Cancer
P12-ICHIKAWA,Cytarabine,Antimetabolite,-4.278527,TALL
RPMI-8402,Cytarabine,Antimetabolite,-3.929483,TALL
Calu-3,Docetaxel,Microtubule stabiliser,-1.072924,lung_cancer
NCI-H2347,Docetaxel,Microtubule stabiliser,0.835716,lung_cancer
HCC1419,Docetaxel,Microtubule stabiliser,-0.615229,breast_cancer
HH,Docetaxel,Microtubule stabiliser,-0.133392,cutaneous T cell lymphoma
SNU-449,Docetaxel,Microtubule stabiliser,0.38874,hepatocellular_cancer
ZR-75-30,Docetaxel,Microtubule stabiliser,-1.042408,breast_cancer
AsPC-1,Docetaxel,Microtubule stabiliser,0.544668,pancreatic_cancer
TT,Docetaxel,Microtubule stabiliser,0.825919,medulla_carcinoma
BT-483,Docetaxel,Microtubule stabiliser,-0.566599,breast_cancer
OVKATE,Docetaxel,Microtubule stabiliser,-0.753793,Ovarian Cancer
NCI-H661,Methotrexate,Antimetabolite,-4.870498,large_cell_lung_cancer
NCI-H2347,Gefitinib,EGFR,5.799634,lung_cancer
BT-483,Gefitinib,EGFR,6.450004,breast_cancer
NCI-H1650,Vorinostat,"HDAC inhibitor Class I, IIa, IIb, IV",3.907111,lung_cancer
NCI-H226,Vorinostat,"HDAC inhibitor Class I, IIa, IIb, IV",4.589994,lung_cancer
NCI-H522,Vorinostat,"HDAC inhibitor Class I, IIa, IIb, IV",3.763028,lung_cancer
AsPC-1,Vorinostat,"HDAC inhibitor Class I, IIa, IIb, IV",4.087398,pancreatic_cancer
OVKATE,Vorinostat,"HDAC inhibitor Class I, IIa, IIb, IV",4.709485,Ovarian Cancer
ALL-SIL,Nilotinib,ABL,-6.038261,TALL
UACC-62,Refametinib,"MEK1, MEK2",-2.798102,melanoma
CHP-212,Refametinib,"MEK1, MEK2",-3.377017,neuroblastoma
BT-483,Refametinib,"MEK1, MEK2",6.385616,breast_cancer
IGR-37,Refametinib,"MEK1, MEK2",-2.698012,Skin Cancer
HCC1428,Refametinib,"MEK1, MEK2",6.108859,breast_cancer
NCI-H226,Temsirolimus,MTOR,5.156142,lung_cancer
OVKATE,Temsirolimus,MTOR,5.517489,Ovarian Cancer
HCC1428,Temsirolimus,MTOR,4.536016,breast_cancer
MOLM-13,Temsirolimus,MTOR,-6.100819,Leukemia
RCH-ACV,Temsirolimus,MTOR,-5.586266,acute lymphoblastic leukemia
SU-DHL-5,Temsirolimus,MTOR,-7.018265,B-cell non-Hodgkin lymphoma
WSU-DLCL2,Temsirolimus,MTOR,-5.9685,diffuse large cell lymphoma non-cleaved type
NCI-H226,Olaparib,"PARP1, PARP2",7.493188,lung_cancer
CAL-120,Olaparib,"PARP1, PARP2",7.027954,breast_cancer
MV-4-11,Olaparib,"PARP1, PARP2",1.574952,leukaemia
RCM-1,Olaparib,"PARP1, PARP2",6.890732,rectum; adenocarcinoma; well differentiated
AsPC-1,Olaparib,"PARP1, PARP2",9.031948,pancreatic_cancer
BT-483,Olaparib,"PARP1, PARP2",7.443696,breast_cancer
OVKATE,Olaparib,"PARP1, PARP2",7.780157,Ovarian Cancer
NCI-H209,Veliparib,"PARP1, PARP2",2.356179,lung_cancer
NCI-H226,Veliparib,"PARP1, PARP2",7.845564,lung_cancer
MOLT-4,Veliparib,"PARP1, PARP2",3.394894,leukaemia
SW620,Veliparib,"PARP1, PARP2",7.489874,colon_cancer
CAL-120,Veliparib,"PARP1, PARP2",7.219481,breast_cancer
MV-4-11,Veliparib,"PARP1, PARP2",3.08692,leukaemia
AsPC-1,Veliparib,"PARP1, PARP2",8.159169,pancreatic_cancer
TT,Veliparib,"PARP1, PARP2",7.359362,medulla_carcinoma
OV-90,Veliparib,"PARP1, PARP2",7.235936,malignant_papillary_serous_adenocarcinoma
OVKATE,Veliparib,"PARP1, PARP2",8.160695,Ovarian Cancer
ALL-SIL,Veliparib,"PARP1, PARP2",3.419131,TALL
MOLM-13,Veliparib,"PARP1, PARP2",3.15722,Leukemia
OCI-LY-19,Veliparib,"PARP1, PARP2",3.389576,germinal center B-cell-like (GCB) DLBCL
NCI-H226,Bosutinib,"SRC, ABL, TEC",5.726237,lung_cancer
AsPC-1,Bosutinib,"SRC, ABL, TEC",5.777335,pancreatic_cancer
TT,Bosutinib,"SRC, ABL, TEC",5.893836,medulla_carcinoma
BT-483,Bosutinib,"SRC, ABL, TEC",5.994666,breast_cancer
NCI-H2347,Lenalidomide,CRBN,7.379401,lung_cancer
NCI-H226,Lenalidomide,CRBN,7.757042,lung_cancer
SW620,Lenalidomide,CRBN,7.544894,colon_cancer
CAL-120,Lenalidomide,CRBN,7.374167,breast_cancer
KMS-12-BM,Lenalidomide,CRBN,2.888351,Multiple Myeloma
MV-4-11,Lenalidomide,CRBN,3.038508,leukaemia
OPM-2,Lenalidomide,CRBN,3.055923,multiple_myeloma
PF-382,Lenalidomide,CRBN,2.941757,TALL
SU-DHL-1,Lenalidomide,CRBN,1.970703,anaplastic_large_cell_lymphoma
AsPC-1,Lenalidomide,CRBN,8.486191,pancreatic_cancer
L-363,Lenalidomide,CRBN,2.801285,plasma_cell_leukemia
BT-483,Lenalidomide,CRBN,7.534594,breast_cancer
OVKATE,Lenalidomide,CRBN,7.628763,Ovarian Cancer
JJN-3,Lenalidomide,CRBN,2.589198,multiple_myeloma
MOLM-13,Lenalidomide,CRBN,2.963331,Leukemia
SU-DHL-5,Lenalidomide,CRBN,2.625005,B-cell non-Hodgkin lymphoma
SK-OV-3,Axitinib,"PDGFR, KIT, VEGFR",6.753558,ovarian_cancer
AsPC-1,Axitinib,"PDGFR, KIT, VEGFR",7.111969,pancreatic_cancer
OVKATE,Axitinib,"PDGFR, KIT, VEGFR",7.110204,Ovarian Cancer
UACC-257,AZD7762,"CHEK1, CHEK2",3.59635,melanoma
HCC1419,AZD7762,"CHEK1, CHEK2",5.019113,breast_cancer
MV-4-11,AZD7762,"CHEK1, CHEK2",-5.841143,leukaemia
ZR-75-30,AZD7762,"CHEK1, CHEK2",6.314794,breast_cancer
UACC-812,AZD7762,"CHEK1, CHEK2",3.387041,invasive_ductal_carcinoma
BT-474,AZD7762,"CHEK1, CHEK2",4.637587,breast_cancer
EFM-192A,AZD7762,"CHEK1, CHEK2",4.102205,breast_cancer
HCC1500,AZD7762,"CHEK1, CHEK2",3.509855,ductal_carcinoma
MOLM-13,AZD7762,"CHEK1, CHEK2",-5.885914,Leukemia
SU-DHL-5,AZD7762,"CHEK1, CHEK2",-3.372171,B-cell non-Hodgkin lymphoma
NCI-H2122,GW441756,NTRK1,1.32781,lung_cancer
MDA-MB-175-VII,GW441756,NTRK1,5.430003,invasive_ductal_carcinoma
P12-ICHIKAWA,GW441756,NTRK1,1.491726,TALL
AsPC-1,GW441756,NTRK1,6.227258,pancreatic_cancer
MDA-MB-415,GW441756,NTRK1,1.473548,breast_adenocarcinoma
OVKATE,GW441756,NTRK1,6.104932,Ovarian Cancer
CAL-78,GW441756,NTRK1,1.56375,chondrosarcoma
HCC1954,Lestaurtinib,"FLT3, JAK2, NTRK1, NTRK2, NTRK3",3.675039,breast_cancer
MV-4-11,Lestaurtinib,"FLT3, JAK2, NTRK1, NTRK2, NTRK3",-5.669293,leukaemia
AsPC-1,Lestaurtinib,"FLT3, JAK2, NTRK1, NTRK2, NTRK3",3.553047,pancreatic_cancer
UACC-812,Lestaurtinib,"FLT3, JAK2, NTRK1, NTRK2, NTRK3",4.49653,invasive_ductal_carcinoma
HCC-366,Lestaurtinib,"FLT3, JAK2, NTRK1, NTRK2, NTRK3",4.466073,lung_cancer
OVKATE,Lestaurtinib,"FLT3, JAK2, NTRK1, NTRK2, NTRK3",4.756877,Ovarian Cancer
MOLM-13,Lestaurtinib,"FLT3, JAK2, NTRK1, NTRK2, NTRK3",-4.991305,Leukemia
HCC1937,SB216763,"GSK3A, GSK3B",7.534938,ductal_carcinoma
HT-29,SB216763,"GSK3A, GSK3B",7.885034,colon_cancer
NCI-H226,SB216763,"GSK3A, GSK3B",7.789783,lung_cancer
SK-MEL-2,SB216763,"GSK3A, GSK3B",2.98514,skin_cancer
SW620,SB216763,"GSK3A, GSK3B",7.48839,colon_cancer
CAL-120,SB216763,"GSK3A, GSK3B",7.277319,breast_cancer
MC116,SB216763,"GSK3A, GSK3B",2.331898,undifferentiated B lymphoma
MDA-MB-175-VII,SB216763,"GSK3A, GSK3B",7.368252,invasive_ductal_carcinoma
MV-4-11,SB216763,"GSK3A, GSK3B",2.828835,leukaemia
ZR-75-30,SB216763,"GSK3A, GSK3B",7.268306,breast_cancer
AsPC-1,SB216763,"GSK3A, GSK3B",7.854731,pancreatic_cancer
RL,SB216763,"GSK3A, GSK3B",2.88318,non-Hodgkins lymphoma
TT,SB216763,"GSK3A, GSK3B",7.319107,medulla_carcinoma
BT-483,SB216763,"GSK3A, GSK3B",8.910063,breast_cancer
OVKATE,SB216763,"GSK3A, GSK3B",7.637124,Ovarian Cancer
OCI-LY-19,SB216763,"GSK3A, GSK3B",2.673394,germinal center B-cell-like (GCB) DLBCL
RCH-ACV,SB216763,"GSK3A, GSK3B",1.773359,acute lymphoblastic leukemia
SU-DHL-4,SB216763,"GSK3A, GSK3B",2.25439,diffuse_histiocytic_lymphoma
VMRC-LCD,Tanespimycin,HSP90,3.468982,lung_cancer
SK-MEL-5,Tanespimycin,HSP90,3.683774,skin_cancer
ABC-1,Tanespimycin,HSP90,3.566285,lung_cancer
SNU-449,Tanespimycin,HSP90,3.481075,hepatocellular_cancer
42-MG-BA,Motesanib,"VEGFR, RET, KIT, PDGFR",2.711837,Brain Cancer
NCI-H226,Motesanib,"VEGFR, RET, KIT, PDGFR",7.845564,lung_cancer
SW620,Motesanib,"VEGFR, RET, KIT, PDGFR",8.304398,colon_cancer
JVM-2,Motesanib,"VEGFR, RET, KIT, PDGFR",3.108378,B-prolymphocytic_leukemia
G-402,Motesanib,"VEGFR, RET, KIT, PDGFR",3.089941,renal_leiomyoblastoma
MV-4-11,Motesanib,"VEGFR, RET, KIT, PDGFR",2.366642,leukaemia
NCI-H1703,Motesanib,"VEGFR, RET, KIT, PDGFR",2.279606,lung_cancer
AsPC-1,Motesanib,"VEGFR, RET, KIT, PDGFR",8.714451,pancreatic_cancer
BT-483,Motesanib,"VEGFR, RET, KIT, PDGFR",8.23157,breast_cancer
OVKATE,Motesanib,"VEGFR, RET, KIT, PDGFR",8.204205,Ovarian Cancer
JJN-3,Motesanib,"VEGFR, RET, KIT, PDGFR",3.141263,multiple_myeloma
MOLM-13,Motesanib,"VEGFR, RET, KIT, PDGFR",2.22127,Leukemia
NCI-H226,KU-55933,ATM,7.677154,lung_cancer
SW620,KU-55933,ATM,7.709581,colon_cancer
CAL-120,KU-55933,ATM,7.434073,breast_cancer
MDA-MB-175-VII,KU-55933,ATM,7.315265,invasive_ductal_carcinoma
ZR-75-30,KU-55933,ATM,7.636061,breast_cancer
AsPC-1,KU-55933,ATM,8.49137,pancreatic_cancer
TT,KU-55933,ATM,7.451426,medulla_carcinoma
BT-483,KU-55933,ATM,7.41603,breast_cancer
RCH-ACV,KU-55933,ATM,2.789736,acute lymphoblastic leukemia
SU-DHL-10,KU-55933,ATM,2.392567,diffuse_histiocytic_lymphoma
SU-DHL-6,KU-55933,ATM,1.81727,B-cell non-Hodgkin lymphoma
WSU-DLCL2,KU-55933,ATM,2.693397,diffuse large cell lymphoma non-cleaved type
PC-14,Afatinib,"EGFR, ERBB2",-3.530867,lung_cancer
NCI-H226,Afatinib,"EGFR, ERBB2",4.726244,lung_cancer
SK-MEL-28,Afatinib,"EGFR, ERBB2",4.941661,skin_cancer
MDA-MB-175-VII,Afatinib,"EGFR, ERBB2",-3.963192,invasive_ductal_carcinoma
UACC-893,Afatinib,"EGFR, ERBB2",-3.093675,breast_cancer
AsPC-1,Afatinib,"EGFR, ERBB2",4.962794,pancreatic_cancer
BT-483,Afatinib,"EGFR, ERBB2",4.908756,breast_cancer
NCI-H226,Vismodegib,SMO,6.976079,lung_cancer
MOLT-4,Vismodegib,SMO,2.71692,leukaemia
SK-OV-3,Vismodegib,SMO,6.979025,ovarian_cancer
CAL-120,Vismodegib,SMO,7.129176,breast_cancer
KMS-12-BM,Vismodegib,SMO,2.83856,Multiple Myeloma
MDA-MB-175-VII,Vismodegib,SMO,7.115322,invasive_ductal_carcinoma
NCI-H1666,Vismodegib,SMO,7.041448,lung_cancer
AsPC-1,Vismodegib,SMO,8.240635,pancreatic_cancer
BT-483,Vismodegib,SMO,7.955925,breast_cancer
OVKATE,Vismodegib,SMO,8.191546,Ovarian Cancer
AMO-1,Vismodegib,SMO,2.588097,multiple_myeloma
SU-DHL-4,Vismodegib,SMO,2.405322,diffuse_histiocytic_lymphoma
42-MG-BA,Staurosporine,Broad spectrum kinase inhibitor,-6.166889,Brain Cancer
MV-4-11,Staurosporine,Broad spectrum kinase inhibitor,-5.968132,leukaemia
RPMI-7951,Staurosporine,Broad spectrum kinase inhibitor,-5.686393,melanoma
BT-483,Staurosporine,Broad spectrum kinase inhibitor,3.462082,breast_cancer
MOLM-13,Staurosporine,Broad spectrum kinase inhibitor,-6.182643,Leukemia
NCI-H660,Staurosporine,Broad spectrum kinase inhibitor,0.507229,small_cell_carcinoma
DOV13,Staurosporine,Broad spectrum kinase inhibitor,-6.898388,Ovarian Cancer
AsPC-1,PLX-4720,BRAF,8.689113,pancreatic_cancer
TT,PLX-4720,BRAF,7.161599,medulla_carcinoma
BT-483,PLX-4720,BRAF,7.725635,breast_cancer
OVKATE,PLX-4720,BRAF,7.28407,Ovarian Cancer
SK-MEL-31,BX795,"TBK1, PDK1 (PDPK1), IKK, AURKB, AURKC",5.324094,malignant_melanoma
NCI-H226,NU7441,DNAPK,6.203847,lung_cancer
KP-N-YN,NU7441,DNAPK,5.839543,neuroblastoma
MDA-MB-175-VII,NU7441,DNAPK,5.826268,invasive_ductal_carcinoma
AsPC-1,NU7441,DNAPK,7.715265,pancreatic_cancer
TT,NU7441,DNAPK,6.935672,medulla_carcinoma
OVKATE,NU7441,DNAPK,6.993263,Ovarian Cancer
MC116,SL0101,"RSK, AURKB, PIM1, PIM3",2.829401,undifferentiated B lymphoma
QGP-1,SL0101,"RSK, AURKB, PIM1, PIM3",6.446152,Pancreatic Cancer
NCI-H1437,Doramapimod,"p38, JNK2",2.130754,lung_cancer
NCI-H2347,Doramapimod,"p38, JNK2",7.299342,lung_cancer
NCI-H226,Doramapimod,"p38, JNK2",7.64291,lung_cancer
CAL-120,Doramapimod,"p38, JNK2",7.995547,breast_cancer
HCC1419,Doramapimod,"p38, JNK2",2.545375,breast_cancer
SU-DHL-1,Doramapimod,"p38, JNK2",2.551044,anaplastic_large_cell_lymphoma
AsPC-1,Doramapimod,"p38, JNK2",8.110755,pancreatic_cancer
OVKATE,Doramapimod,"p38, JNK2",8.059011,Ovarian Cancer
KMS-11,Doramapimod,"p38, JNK2",1.899632,multiple_myeloma
NCI-H226,JNK Inhibitor VIII,JNK,7.840594,lung_cancer
CAL-120,JNK Inhibitor VIII,JNK,7.084698,breast_cancer
MDA-MB-175-VII,JNK Inhibitor VIII,JNK,7.140208,invasive_ductal_carcinoma
MV-4-11,JNK Inhibitor VIII,JNK,2.853164,leukaemia
AsPC-1,JNK Inhibitor VIII,JNK,8.210944,pancreatic_cancer
TT,JNK Inhibitor VIII,JNK,7.452778,medulla_carcinoma
SU-DHL-5,JNK Inhibitor VIII,JNK,2.803313,B-cell non-Hodgkin lymphoma
Calu-3,Wee1 Inhibitor,"WEE1, CHEK1",5.715783,lung_cancer
NCI-H1650,Wee1 Inhibitor,"WEE1, CHEK1",5.253844,lung_cancer
NCI-H2347,Wee1 Inhibitor,"WEE1, CHEK1",5.816927,lung_cancer
NCI-H226,Wee1 Inhibitor,"WEE1, CHEK1",7.533482,lung_cancer
UACC-257,Wee1 Inhibitor,"WEE1, CHEK1",6.401461,melanoma
MFE-280,Wee1 Inhibitor,"WEE1, CHEK1",5.968294,recurrent_endometrial_carcinoma
ZR-75-30,Wee1 Inhibitor,"WEE1, CHEK1",5.950289,breast_cancer
AsPC-1,Wee1 Inhibitor,"WEE1, CHEK1",6.53143,pancreatic_cancer
OVKATE,Wee1 Inhibitor,"WEE1, CHEK1",7.458429,Ovarian Cancer
OVKATE,Nutlin-3a (-),MDM2,8.498886,Ovarian Cancer
NCI-H226,Mirin,MRE11,7.327757,lung_cancer
ZR-75-30,Mirin,MRE11,8.49946,breast_cancer
AsPC-1,Mirin,MRE11,9.936208,pancreatic_cancer
769-P,Mirin,MRE11,7.668256,kidney_cancer
SUIT-2,Mirin,MRE11,8.92264,moderately differentiated tubular adenocarcinoma
PC-3,PD173074,"FGFR1, FGFR2, FGFR3",6.723134,prostate_cancer
MDA-MB-175-VII,PD173074,"FGFR1, FGFR2, FGFR3",6.91853,invasive_ductal_carcinoma
AsPC-1,PD173074,"FGFR1, FGFR2, FGFR3",7.317949,pancreatic_cancer
BT-483,PD173074,"FGFR1, FGFR2, FGFR3",7.139697,breast_cancer
OV-90,PD173074,"FGFR1, FGFR2, FGFR3",6.716262,malignant_papillary_serous_adenocarcinoma
Calu-3,ZM447439,"AURKA, AURKB",6.340948,lung_cancer
NCI-H226,ZM447439,"AURKA, AURKB",7.509552,lung_cancer
CAL-120,ZM447439,"AURKA, AURKB",7.05112,breast_cancer
NCI-H1666,ZM447439,"AURKA, AURKB",6.161924,lung_cancer
AsPC-1,ZM447439,"AURKA, AURKB",6.759913,pancreatic_cancer
MDA-MB-436,ZM447439,"AURKA, AURKB",6.290385,breast_cancer
KMRC-1,ZM447439,"AURKA, AURKB",6.143485,Kidney Cancer
SK-N-SH,Alisertib,AURKA,-3.246329,neuroblastoma
ZR-75-30,Alisertib,AURKA,6.389333,breast_cancer
MOLM-13,Alisertib,AURKA,-3.382373,Leukemia
OCI-LY-19,Alisertib,AURKA,-3.859503,germinal center B-cell-like (GCB) DLBCL
RCH-ACV,Alisertib,AURKA,-3.162996,acute lymphoblastic leukemia
NCI-H2347,RO-3306,CDK1,7.580524,lung_cancer
NCI-H226,RO-3306,CDK1,6.942467,lung_cancer
AsPC-1,RO-3306,CDK1,8.714451,pancreatic_cancer
OVKATE,RO-3306,CDK1,7.898964,Ovarian Cancer
KP-2,RO-3306,CDK1,6.800686,Pancreatic Cancer
NCI-H2347,MK-2206,"AKT1, AKT2",6.459436,lung_cancer
NCI-H929,MK-2206,"AKT1, AKT2",-2.560495,multiple_myeloma
NCI-H226,MK-2206,"AKT1, AKT2",5.779953,lung_cancer
SW620,MK-2206,"AKT1, AKT2",5.918964,colon_cancer
HCC1428,MK-2206,"AKT1, AKT2",5.866259,breast_cancer
AsPC-1,Palbociclib,"CDK4, CDK6",7.268696,pancreatic_cancer
BT-483,Palbociclib,"CDK4, CDK6",8.56677,breast_cancer
HCC1187,Dactolisib,"PI3K (class 1), MTORC1, MTORC2",1.49344,ductal_carcinoma
NCI-H226,Dactolisib,"PI3K (class 1), MTORC1, MTORC2",1.74101,lung_cancer
NCI-H522,Dactolisib,"PI3K (class 1), MTORC1, MTORC2",1.617088,lung_cancer
KP-N-RT-BM-1,Dactolisib,"PI3K (class 1), MTORC1, MTORC2",1.743761,neuroblastoma
TT,Dactolisib,"PI3K (class 1), MTORC1, MTORC2",1.71252,medulla_carcinoma
OVKATE,Dactolisib,"PI3K (class 1), MTORC1, MTORC2",1.502973,Ovarian Cancer
NCI-H2347,Pictilisib,PI3K (class 1),4.069841,lung_cancer
VMRC-LCD,Pictilisib,PI3K (class 1),4.300452,lung_cancer
SK-MEL-2,Pictilisib,PI3K (class 1),5.394405,skin_cancer
BT-483,Pictilisib,PI3K (class 1),3.845202,breast_cancer
OVKATE,Pictilisib,PI3K (class 1),4.044222,Ovarian Cancer
HCC1428,Pictilisib,PI3K (class 1),6.610125,breast_cancer
SU-DHL-6,Pictilisib,PI3K (class 1),-3.021902,B-cell non-Hodgkin lymphoma
NCI-H1650,AZD8055,"MTORC1, MTORC2",3.888546,lung_cancer
NCI-H929,AZD8055,"MTORC1, MTORC2",-4.162282,multiple_myeloma
HCC1143,AZD8055,"MTORC1, MTORC2",2.80203,breast_cancer
HCC1187,AZD8055,"MTORC1, MTORC2",3.025913,ductal_carcinoma
NCI-H226,AZD8055,"MTORC1, MTORC2",3.273056,lung_cancer
AsPC-1,AZD8055,"MTORC1, MTORC2",3.091682,pancreatic_cancer
HCC1428,AZD8055,"MTORC1, MTORC2",3.262855,breast_cancer
SK-MEL-28,PD0325901,"MEK1, MEK2",-4.326963,skin_cancer
CHP-212,PD0325901,"MEK1, MEK2",-5.51802,neuroblastoma
ZR-75-30,PD0325901,"MEK1, MEK2",6.357212,breast_cancer
BT-483,PD0325901,"MEK1, MEK2",6.482915,breast_cancer
NCI-H226,SB590885,BRAF,7.152417,lung_cancer
SW620,SB590885,BRAF,7.540786,colon_cancer
AsPC-1,SB590885,BRAF,7.946251,pancreatic_cancer
OVKATE,SB590885,BRAF,7.361978,Ovarian Cancer
ALL-SIL,SB590885,BRAF,1.317316,TALL
SU-DHL-5,SB590885,BRAF,1.040115,B-cell non-Hodgkin lymphoma
SU-DHL-6,SB590885,BRAF,1.290418,B-cell non-Hodgkin lymphoma
NCI-H226,Selumetinib,"MEK1, MEK2",7.36917,lung_cancer
CHP-212,Selumetinib,"MEK1, MEK2",-2.633732,neuroblastoma
ZR-75-30,Selumetinib,"MEK1, MEK2",6.82773,breast_cancer
OVKATE,Selumetinib,"MEK1, MEK2",6.864306,Ovarian Cancer
KELLY,CCT007093,PPM1D,3.211767,neuroblastoma
NCI-H226,CCT007093,PPM1D,7.100242,lung_cancer
NCI-H1666,CCT007093,PPM1D,6.941559,lung_cancer
SNU-449,CCT007093,PPM1D,7.035851,hepatocellular_cancer
AsPC-1,CCT007093,PPM1D,7.694346,pancreatic_cancer
AU565,CCT007093,PPM1D,2.380695,breast_cancer
MDA-MB-415,CCT007093,PPM1D,3.198474,breast_adenocarcinoma
TT,CCT007093,PPM1D,6.93652,medulla_carcinoma
OVKATE,CCT007093,PPM1D,8.283983,Ovarian Cancer
MOLM-13,CCT007093,PPM1D,2.633665,Leukemia
UM-UC-3,Obatoclax Mesylate,"BCL2, BCL-XL, BCL-W, MCL1",2.958767,bladder_cancer
SK-OV-3,Obatoclax Mesylate,"BCL2, BCL-XL, BCL-W, MCL1",3.109532,ovarian_cancer
HCC1419,Obatoclax Mesylate,"BCL2, BCL-XL, BCL-W, MCL1",2.759883,breast_cancer
HH,Obatoclax Mesylate,"BCL2, BCL-XL, BCL-W, MCL1",3.237509,cutaneous T cell lymphoma
RPMI-8402,Obatoclax Mesylate,"BCL2, BCL-XL, BCL-W, MCL1",-2.249259,TALL
ZR-75-30,Obatoclax Mesylate,"BCL2, BCL-XL, BCL-W, MCL1",3.140547,breast_cancer
OVKATE,Obatoclax Mesylate,"BCL2, BCL-XL, BCL-W, MCL1",4.460623,Ovarian Cancer
SNU-423,EHT-1864,"RAC1, RAC2, RAC3",5.731469,pleomorphic hepatocellular carcinoma
OVKATE,EHT-1864,"RAC1, RAC2, RAC3",6.129419,Ovarian Cancer
RERF-LC-Sq1,EHT-1864,"RAC1, RAC2, RAC3",5.901837,Lung Cancer
NCI-H226,Avagacestat,"Amyloid beta20, Amyloid beta40",7.750297,lung_cancer
MDA-MB-175-VII,Avagacestat,"Amyloid beta20, Amyloid beta40",7.44657,invasive_ductal_carcinoma
RPMI-8402,Avagacestat,"Amyloid beta20, Amyloid beta40",1.731729,TALL
AsPC-1,Avagacestat,"Amyloid beta20, Amyloid beta40",7.972495,pancreatic_cancer
TT,Avagacestat,"Amyloid beta20, Amyloid beta40",7.671645,medulla_carcinoma
BT-483,Avagacestat,"Amyloid beta20, Amyloid beta40",8.007422,breast_cancer
OVKATE,Avagacestat,"Amyloid beta20, Amyloid beta40",8.804872,Ovarian Cancer
RCH-ACV,Avagacestat,"Amyloid beta20, Amyloid beta40",2.378859,acute lymphoblastic leukemia
SU-DHL-6,Avagacestat,"Amyloid beta20, Amyloid beta40",2.375368,B-cell non-Hodgkin lymphoma
NCI-H2347,5-Fluorouracil,Antimetabolite (DNA & RNA),8.418401,lung_cancer
NCI-H226,5-Fluorouracil,Antimetabolite (DNA & RNA),8.611811,lung_cancer
AsPC-1,5-Fluorouracil,Antimetabolite (DNA & RNA),8.818943,pancreatic_cancer
BT-483,5-Fluorouracil,Antimetabolite (DNA & RNA),8.553482,breast_cancer
OVKATE,5-Fluorouracil,Antimetabolite (DNA & RNA),10.17448,Ovarian Cancer
HCC1428,5-Fluorouracil,Antimetabolite (DNA & RNA),8.10549,breast_cancer
NCI-H2347,Dasatinib,"ABL, SRC, Ephrins, PDGFR, KIT",6.221796,lung_cancer
K-562,Dasatinib,"ABL, SRC, Ephrins, PDGFR, KIT",-5.70066,leukaemia
MDA-MB-175-VII,Dasatinib,"ABL, SRC, Ephrins, PDGFR, KIT",6.537855,invasive_ductal_carcinoma
AsPC-1,Dasatinib,"ABL, SRC, Ephrins, PDGFR, KIT",6.898136,pancreatic_cancer
TT,Dasatinib,"ABL, SRC, Ephrins, PDGFR, KIT",6.269926,medulla_carcinoma
BT-483,Dasatinib,"ABL, SRC, Ephrins, PDGFR, KIT",6.64251,breast_cancer
ALL-SIL,Dasatinib,"ABL, SRC, Ephrins, PDGFR, KIT",-7.068564,TALL
NCI-H2347,Paclitaxel,Microtubule stabiliser,0.604207,lung_cancer
NCI-H226,Paclitaxel,Microtubule stabiliser,0.814182,lung_cancer
HCC1419,Paclitaxel,Microtubule stabiliser,1.296532,breast_cancer
MDA-MB-175-VII,Paclitaxel,Microtubule stabiliser,0.674738,invasive_ductal_carcinoma
SU-DHL-1,Paclitaxel,Microtubule stabiliser,-6.915668,anaplastic_large_cell_lymphoma
ZR-75-30,Paclitaxel,Microtubule stabiliser,0.514481,breast_cancer
TT,Paclitaxel,Microtubule stabiliser,0.612111,medulla_carcinoma
BT-483,Paclitaxel,Microtubule stabiliser,1.889134,breast_cancer
OVKATE,Paclitaxel,Microtubule stabiliser,2.966341,Ovarian Cancer
HCC1428,Paclitaxel,Microtubule stabiliser,0.666207,breast_cancer
NCI-H2347,Crizotinib,"MET, ALK, ROS1",6.284836,lung_cancer
SK-OV-3,Crizotinib,"MET, ALK, ROS1",5.998202,ovarian_cancer
MDA-MB-175-VII,Crizotinib,"MET, ALK, ROS1",6.499202,invasive_ductal_carcinoma
UACC-893,Crizotinib,"MET, ALK, ROS1",5.663786,breast_cancer
AsPC-1,Crizotinib,"MET, ALK, ROS1",7.409271,pancreatic_cancer
BT-483,Crizotinib,"MET, ALK, ROS1",5.767423,breast_cancer
MDA-MB-436,Crizotinib,"MET, ALK, ROS1",5.858879,breast_cancer
OVKATE,Crizotinib,"MET, ALK, ROS1",7.061818,Ovarian Cancer
AsPC-1,Rapamycin,MTORC1,1.17105,pancreatic_cancer
OVKATE,Rapamycin,MTORC1,1.891278,Ovarian Cancer
HCC38,Sorafenib,"PDGFR, KIT, VEGFR, RAF",5.269255,breast_cancer
NCI-H226,Sorafenib,"PDGFR, KIT, VEGFR, RAF",5.244289,lung_cancer
SK-OV-3,Sorafenib,"PDGFR, KIT, VEGFR, RAF",6.18173,ovarian_cancer
MV-4-11,Sorafenib,"PDGFR, KIT, VEGFR, RAF",-5.530356,leukaemia
OVKATE,Sorafenib,"PDGFR, KIT, VEGFR, RAF",6.483591,Ovarian Cancer
MOLM-13,Sorafenib,"PDGFR, KIT, VEGFR, RAF",-5.47321,Leukemia
NCI-H2347,BI-2536,"PLK1, PLK2, PLK3",4.568437,lung_cancer
NCI-H226,BI-2536,"PLK1, PLK2, PLK3",5.542979,lung_cancer
HCC1419,BI-2536,"PLK1, PLK2, PLK3",3.848094,breast_cancer
RPMI-8402,BI-2536,"PLK1, PLK2, PLK3",-6.258933,TALL
ZR-75-30,BI-2536,"PLK1, PLK2, PLK3",3.780359,breast_cancer
AsPC-1,BI-2536,"PLK1, PLK2, PLK3",5.178485,pancreatic_cancer
TT,BI-2536,"PLK1, PLK2, PLK3",4.093345,medulla_carcinoma
OVKATE,BI-2536,"PLK1, PLK2, PLK3",4.941328,Ovarian Cancer
NCI-H226,Irinotecan,TOP1,7.135855,lung_cancer
SNU-449,Irinotecan,TOP1,7.269976,hepatocellular_cancer
ZR-75-30,Irinotecan,TOP1,7.244809,breast_cancer
AsPC-1,Irinotecan,TOP1,8.764218,pancreatic_cancer
TT,Irinotecan,TOP1,7.139996,medulla_carcinoma
BT-474,Irinotecan,TOP1,6.495182,breast_cancer
BT-483,Irinotecan,TOP1,7.033349,breast_cancer
NCI-H226,Oxaliplatin,DNA alkylating agent,8.821028,lung_cancer
MDA-MB-175-VII,Oxaliplatin,DNA alkylating agent,7.312918,invasive_ductal_carcinoma
AsPC-1,Oxaliplatin,DNA alkylating agent,8.693497,pancreatic_cancer
BT-483,Oxaliplatin,DNA alkylating agent,7.711211,breast_cancer
OVKATE,Oxaliplatin,DNA alkylating agent,8.453057,Ovarian Cancer
VMRC-LCD,BMS-536924,"IGF1R, IR",5.942694,lung_cancer
SK-MEL-2,BMS-536924,"IGF1R, IR",5.459684,skin_cancer
KM12,BMS-536924,"IGF1R, IR",-2.780034,colon_cancer
UACC-893,BMS-536924,"IGF1R, IR",5.135736,breast_cancer
ZR-75-30,BMS-536924,"IGF1R, IR",5.933955,breast_cancer
UACC-812,BMS-536924,"IGF1R, IR",5.404279,invasive_ductal_carcinoma
BT-483,BMS-536924,"IGF1R, IR",5.143752,breast_cancer
NCI-H660,BMS-536924,"IGF1R, IR",5.343879,small_cell_carcinoma
SK-OV-3,GSK1904529A,"IGF1R, IR",6.946508,ovarian_cancer
NCI-H1666,GSK1904529A,"IGF1R, IR",6.592779,lung_cancer
AsPC-1,GSK1904529A,"IGF1R, IR",8.362824,pancreatic_cancer
QGP-1,GSK1904529A,"IGF1R, IR",6.64986,Pancreatic Cancer
SU-DHL-5,GSK1904529A,"IGF1R, IR",1.908794,B-cell non-Hodgkin lymphoma
SU-DHL-6,GSK1904529A,"IGF1R, IR",1.705025,B-cell non-Hodgkin lymphoma
MDA-MB-175-VII,Tozasertib,"AURKA, AURKB, AURKC, others",7.35878,invasive_ductal_carcinoma
ZR-75-30,Tozasertib,"AURKA, AURKB, AURKC, others",6.813873,breast_cancer
BT-483,Tozasertib,"AURKA, AURKB, AURKC, others",7.013056,breast_cancer
OCI-LY-19,Tozasertib,"AURKA, AURKB, AURKC, others",-3.250277,germinal center B-cell-like (GCB) DLBCL
RCH-ACV,Tozasertib,"AURKA, AURKB, AURKC, others",-3.010524,acute lymphoblastic leukemia
HCC38,PF-4708671,S6K1,5.608527,breast_cancer
MDA-MB-231,PF-4708671,S6K1,5.522704,breast_cancer
CAL-120,PF-4708671,S6K1,5.970215,breast_cancer
BT-483,PF-4708671,S6K1,6.526032,breast_cancer
RCH-ACV,PF-4708671,S6K1,1.573481,acute lymphoblastic leukemia
AsPC-1,PRIMA-1MET,TP53 activation,9.671139,pancreatic_cancer
NCI-H1650,Serdemetan,MDM2,6.827746,lung_cancer
NCI-H2087,Serdemetan,MDM2,6.419812,lung_cancer
NCI-H226,Serdemetan,MDM2,6.46014,lung_cancer
MDA-MB-175-VII,Serdemetan,MDM2,6.503127,invasive_ductal_carcinoma
AsPC-1,Serdemetan,MDM2,6.764819,pancreatic_cancer
OVKATE,Serdemetan,MDM2,8.204205,Ovarian Cancer
KP-2,Serdemetan,MDM2,6.408786,Pancreatic Cancer
NCI-H226,TW 37,"BCL2, BCL-XL, MCL1",4.824379,lung_cancer
SK-MEL-2,TW 37,"BCL2, BCL-XL, MCL1",4.747953,skin_cancer
MDA-MB-175-VII,TW 37,"BCL2, BCL-XL, MCL1",5.630207,invasive_ductal_carcinoma
TT,TW 37,"BCL2, BCL-XL, MCL1",4.835617,medulla_carcinoma
BT-483,TW 37,"BCL2, BCL-XL, MCL1",5.611464,breast_cancer
OVKATE,TW 37,"BCL2, BCL-XL, MCL1",7.289767,Ovarian Cancer
ABC-1,Erlotinib,EGFR,5.695293,lung_cancer
AsPC-1,Erlotinib,EGFR,6.035115,pancreatic_cancer
KP-2,Erlotinib,EGFR,5.728119,Pancreatic Cancer
QGP-1,Erlotinib,EGFR,5.753512,Pancreatic Cancer
SK-MEL-5,CCT-018159,HSP90,6.354565,skin_cancer
SK-ES-1,Rucaparib,"PARP1, PARP2",1.405407,Ewing family tumor
NCI-H1650,Rucaparib,"PARP1, PARP2",6.285248,lung_cancer
JVM-2,Rucaparib,"PARP1, PARP2",1.84177,B-prolymphocytic_leukemia
MDA-MB-175-VII,Rucaparib,"PARP1, PARP2",6.319565,invasive_ductal_carcinoma
MV-4-11,Rucaparib,"PARP1, PARP2",1.807476,leukaemia
ZR-75-30,Rucaparib,"PARP1, PARP2",6.105988,breast_cancer
BT-483,Rucaparib,"PARP1, PARP2",7.01469,breast_cancer
OVKATE,Rucaparib,"PARP1, PARP2",7.503184,Ovarian Cancer
HPAC,Rucaparib,"PARP1, PARP2",6.200003,Pancreatic Cancer
MOLM-13,Rucaparib,"PARP1, PARP2",1.062321,Leukemia
OCI-LY-19,Rucaparib,"PARP1, PARP2",1.8159,germinal center B-cell-like (GCB) DLBCL
SU-DHL-5,Rucaparib,"PARP1, PARP2",1.81018,B-cell non-Hodgkin lymphoma
AsPC-1,Niraparib,"PARP1, PARP2",8.053267,pancreatic_cancer
NCI-H2347,MK-1775,"WEE1, PLK1",3.928252,lung_cancer
UACC-257,MK-1775,"WEE1, PLK1",4.20117,melanoma
ZR-75-30,MK-1775,"WEE1, PLK1",4.903579,breast_cancer
AsPC-1,MK-1775,"WEE1, PLK1",3.998786,pancreatic_cancer
BT-483,MK-1775,"WEE1, PLK1",4.586886,breast_cancer
OVKATE,MK-1775,"WEE1, PLK1",4.02841,Ovarian Cancer
EFM-192A,MK-1775,"WEE1, PLK1",4.031184,breast_cancer
HCC1937,Dinaciclib,"CDK1, CDK2, CDK5, CDK9",1.363379,ductal_carcinoma
NCI-H226,Dinaciclib,"CDK1, CDK2, CDK5, CDK9",1.971691,lung_cancer
MOLT-4,Dinaciclib,"CDK1, CDK2, CDK5, CDK9",2.163154,leukaemia
KP-N-YN,Dinaciclib,"CDK1, CDK2, CDK5, CDK9",2.506153,neuroblastoma
ZR-75-30,Dinaciclib,"CDK1, CDK2, CDK5, CDK9",0.831295,breast_cancer
AsPC-1,Dinaciclib,"CDK1, CDK2, CDK5, CDK9",2.356205,pancreatic_cancer
HCC-15,Dinaciclib,"CDK1, CDK2, CDK5, CDK9",0.656471,lung_cancer
HCC1428,Dinaciclib,"CDK1, CDK2, CDK5, CDK9",1.233004,breast_cancer
GRANTA-519,Dinaciclib,"CDK1, CDK2, CDK5, CDK9",1.080604,mantle_cell_lymphoma
NCI-H660,Dinaciclib,"CDK1, CDK2, CDK5, CDK9",2.399891,small_cell_carcinoma
HCC1187,Gemcitabine,Pyrimidine antimetabolite,6.210735,ductal_carcinoma
HCC1937,Gemcitabine,Pyrimidine antimetabolite,5.416927,ductal_carcinoma
SK-MEL-2,Gemcitabine,Pyrimidine antimetabolite,5.329024,skin_cancer
HH,Gemcitabine,Pyrimidine antimetabolite,5.784704,cutaneous T cell lymphoma
BT-474,Gemcitabine,Pyrimidine antimetabolite,6.137809,breast_cancer
BT-483,Gemcitabine,Pyrimidine antimetabolite,7.716931,breast_cancer
FU-OV-1,Gemcitabine,Pyrimidine antimetabolite,6.921125,ovarian_cancer
OVKATE,Gemcitabine,Pyrimidine antimetabolite,6.711783,Ovarian Cancer
HCC1428,Gemcitabine,Pyrimidine antimetabolite,7.367921,breast_cancer
VMRC-LCD,Bortezomib,Proteasome,-1.155211,lung_cancer
NCI-H226,Bortezomib,Proteasome,-2.238847,lung_cancer
Saos-2,Bortezomib,Proteasome,-1.37056,osteosarcoma
SK-MES-1,Bortezomib,Proteasome,-2.568237,lung_cancer
ZR-75-30,Bortezomib,Proteasome,-1.555503,breast_cancer
AsPC-1,Bortezomib,Proteasome,1.83867,pancreatic_cancer
BT-474,Bortezomib,Proteasome,-2.512043,breast_cancer
BT-483,Bortezomib,Proteasome,-2.003973,breast_cancer
OVKATE,Bortezomib,Proteasome,-1.924045,Ovarian Cancer
MDA-MB-436,GSK269962A,"ROCK1, ROCK2",6.134961,breast_cancer
AsPC-1,Tamoxifen,ESR1,7.729318,pancreatic_cancer
BT-483,Tamoxifen,ESR1,6.936775,breast_cancer
OVKATE,Tamoxifen,ESR1,7.176573,Ovarian Cancer
QGP-1,Tamoxifen,ESR1,6.687354,Pancreatic Cancer
SU-DHL-5,Tamoxifen,ESR1,1.490386,B-cell non-Hodgkin lymphoma
NCI-H2347,Fulvestrant,ESR,5.088153,lung_cancer
NCI-H226,Fulvestrant,ESR,5.19797,lung_cancer
CAL-120,Fulvestrant,ESR,4.958945,breast_cancer
MDA-MB-175-VII,Fulvestrant,ESR,5.284763,invasive_ductal_carcinoma
RPMI-8402,Fulvestrant,ESR,0.543448,TALL
AsPC-1,Fulvestrant,ESR,5.661434,pancreatic_cancer
L-363,Fulvestrant,ESR,0.702237,plasma_cell_leukemia
CAMA-1,Fulvestrant,ESR,1.200339,breast_cancer
BT-483,Fulvestrant,ESR,5.265604,breast_cancer
OVKATE,Fulvestrant,ESR,4.893327,Ovarian Cancer
SU-DHL-10,Fulvestrant,ESR,0.971298,diffuse_histiocytic_lymphoma
CAL-120,EPZ004777,DOT1L,7.287489,breast_cancer
MC116,EPZ004777,DOT1L,3.132411,undifferentiated B lymphoma
MV-4-11,EPZ004777,DOT1L,2.459723,leukaemia
AsPC-1,EPZ004777,DOT1L,7.772001,pancreatic_cancer
KP-N-RT-BM-1,EPZ004777,DOT1L,2.84604,neuroblastoma
BT-483,EPZ004777,DOT1L,7.445877,breast_cancer
QGP-1,EPZ004777,DOT1L,7.143276,Pancreatic Cancer
HCC-33,EPZ004777,DOT1L,3.16466,lung_cancer
OCI-LY-19,EPZ004777,DOT1L,2.780315,germinal center B-cell-like (GCB) DLBCL
KMS-11,EPZ004777,DOT1L,3.188158,multiple_myeloma
NCI-H2347,YK-4-279,RNA helicase A,6.221657,lung_cancer
HCC1937,YK-4-279,RNA helicase A,5.855077,ductal_carcinoma
NCI-H226,YK-4-279,RNA helicase A,5.632787,lung_cancer
HCC1419,YK-4-279,RNA helicase A,6.234363,breast_cancer
MEL-JUSO,YK-4-279,RNA helicase A,5.725302,melanoma
MSTO-211H,YK-4-279,RNA helicase A,6.505167,lung_cancer
RCM-1,YK-4-279,RNA helicase A,6.952636,rectum; adenocarcinoma; well differentiated
ZR-75-30,YK-4-279,RNA helicase A,6.490983,breast_cancer
AsPC-1,YK-4-279,RNA helicase A,7.533312,pancreatic_cancer
TT,YK-4-279,RNA helicase A,8.11579,medulla_carcinoma
BT-483,YK-4-279,RNA helicase A,8.768315,breast_cancer
OVKATE,YK-4-279,RNA helicase A,5.814895,Ovarian Cancer
HCC1428,YK-4-279,RNA helicase A,5.958783,breast_cancer
SK-MEL-5,Daporinad,NAMPT,2.51752,skin_cancer
ABC-1,Daporinad,NAMPT,3.125727,lung_cancer
SK-MEL-31,Daporinad,NAMPT,3.376636,malignant_melanoma
UACC-893,Daporinad,NAMPT,3.272298,breast_cancer
BT-483,Daporinad,NAMPT,2.268997,breast_cancer
Calu-3,BMS-345541,"IKK-1, IKK-2",6.118838,lung_cancer
HCC38,BMS-345541,"IKK-1, IKK-2",5.928862,breast_cancer
NCI-H226,BMS-345541,"IKK-1, IKK-2",6.37869,lung_cancer
SK-OV-3,BMS-345541,"IKK-1, IKK-2",6.518702,ovarian_cancer
AsPC-1,BMS-345541,"IKK-1, IKK-2",7.030555,pancreatic_cancer
MCF7,AZ960,"JAK2, JAK3",5.486831,breast_cancer
SK-MEL-2,AZ960,"JAK2, JAK3",5.461383,skin_cancer
UACC-257,AZ960,"JAK2, JAK3",5.968178,melanoma
KM12,AZ960,"JAK2, JAK3",5.728549,colon_cancer
HCC1419,AZ960,"JAK2, JAK3",5.47649,breast_cancer
UACC-893,AZ960,"JAK2, JAK3",5.482407,breast_cancer
ZR-75-30,AZ960,"JAK2, JAK3",6.005403,breast_cancer
AsPC-1,AZ960,"JAK2, JAK3",7.67484,pancreatic_cancer
SUIT-2,AZ960,"JAK2, JAK3",5.815938,moderately differentiated tubular adenocarcinoma
EFM-192A,AZ960,"JAK2, JAK3",5.536253,breast_cancer
KP-2,AZ960,"JAK2, JAK3",5.72178,Pancreatic Cancer
L-1236,AZ960,"JAK2, JAK3",-2.940232,lymphoma
SK-ES-1,Talazoparib,"PARP1, PARP2",-4.652585,Ewing family tumor
NCI-H209,Talazoparib,"PARP1, PARP2",-3.957708,lung_cancer
CADO-ES1,Talazoparib,"PARP1, PARP2",-2.563322,Ewings_sarcoma
NCI-H460,Talazoparib,"PARP1, PARP2",-2.843555,large_cell_lung_cancer
MC116,Talazoparib,"PARP1, PARP2",-2.951595,undifferentiated B lymphoma
SU-DHL-1,Talazoparib,"PARP1, PARP2",-3.150271,anaplastic_large_cell_lymphoma
CHP-126,Talazoparib,"PARP1, PARP2",-2.961101,neuroblastoma
BT-483,Talazoparib,"PARP1, PARP2",7.765327,breast_cancer
OVKATE,Talazoparib,"PARP1, PARP2",8.103714,Ovarian Cancer
SU-DHL-5,Talazoparib,"PARP1, PARP2",-2.754495,B-cell non-Hodgkin lymphoma
NCI-H2122,XAV939,"TNKS1, TNKS2",2.159988,lung_cancer
NCI-H2087,XAV939,"TNKS1, TNKS2",6.385335,lung_cancer
PC-3,XAV939,"TNKS1, TNKS2",6.285239,prostate_cancer
CAL-120,XAV939,"TNKS1, TNKS2",7.018388,breast_cancer
MC116,XAV939,"TNKS1, TNKS2",1.399674,undifferentiated B lymphoma
AsPC-1,XAV939,"TNKS1, TNKS2",8.153764,pancreatic_cancer
RL,XAV939,"TNKS1, TNKS2",1.768206,non-Hodgkins lymphoma
QGP-1,XAV939,"TNKS1, TNKS2",6.332367,Pancreatic Cancer
L-1236,XAV939,"TNKS1, TNKS2",2.251659,lymphoma
HCC38,Trametinib,"MEK1, MEK2",5.099511,breast_cancer
HT-29,Trametinib,"MEK1, MEK2",-4.911456,colon_cancer
SK-MEL-28,Trametinib,"MEK1, MEK2",-5.02968,skin_cancer
UACC-62,Trametinib,"MEK1, MEK2",-5.726016,melanoma
CHP-212,Trametinib,"MEK1, MEK2",-6.608117,neuroblastoma
ZR-75-30,Trametinib,"MEK1, MEK2",5.661711,breast_cancer
BT-483,Trametinib,"MEK1, MEK2",6.71905,breast_cancer
IGR-37,Trametinib,"MEK1, MEK2",-5.640825,Skin Cancer
SK-MEL-28,Dabrafenib,BRAF,-4.42622,skin_cancer
UACC-62,Dabrafenib,BRAF,-3.069265,melanoma
MDA-MB-175-VII,Dabrafenib,BRAF,8.349033,invasive_ductal_carcinoma
IGR-37,Dabrafenib,BRAF,-3.203613,Skin Cancer
CAL-120,Temozolomide,DNA alkylating agent,9.559726,breast_cancer
KARPAS-299,Temozolomide,DNA alkylating agent,3.432533,CD30+_anaplastic_large_cell_lymphoma
KMS-12-BM,Temozolomide,DNA alkylating agent,3.012136,Multiple Myeloma
MDA-MB-175-VII,Temozolomide,DNA alkylating agent,9.326389,invasive_ductal_carcinoma
AsPC-1,Temozolomide,DNA alkylating agent,9.783648,pancreatic_cancer
BT-483,Temozolomide,DNA alkylating agent,9.643361,breast_cancer
OVKATE,Temozolomide,DNA alkylating agent,9.52028,Ovarian Cancer
HCC1428,Temozolomide,DNA alkylating agent,9.025851,breast_cancer
RCH-ACV,Temozolomide,DNA alkylating agent,3.405154,acute lymphoblastic leukemia
SU-DHL-4,Temozolomide,DNA alkylating agent,3.339251,diffuse_histiocytic_lymphoma
NCI-H226,Bleomycin (50 uM),dsDNA break induction,7.746204,lung_cancer
ACHN,Bleomycin (50 uM),dsDNA break induction,-1.364644,kidney_cancer
A2780,Bleomycin (50 uM),dsDNA break induction,-1.984082,ovarian_cancer
PF-382,Bleomycin (50 uM),dsDNA break induction,-2.247861,TALL
AsPC-1,Bleomycin (50 uM),dsDNA break induction,9.558878,pancreatic_cancer
BT-474,Bleomycin (50 uM),dsDNA break induction,8.421593,breast_cancer
OVKATE,Bleomycin (50 uM),dsDNA break induction,9.732663,Ovarian Cancer
HCC1428,Bleomycin (50 uM),dsDNA break induction,7.872946,breast_cancer
HPAC,Bleomycin (50 uM),dsDNA break induction,8.765463,Pancreatic Cancer
NCI-H226,AZD5438,CDK2,5.499334,lung_cancer
SK-OV-3,AZD5438,CDK2,5.477906,ovarian_cancer
KM12,AZD5438,CDK2,5.733286,colon_cancer
ZR-75-30,AZD5438,CDK2,6.323115,breast_cancer
AsPC-1,AZD5438,CDK2,6.640466,pancreatic_cancer
HCC1428,AZD5438,CDK2,6.950126,breast_cancer
HCC1500,AZD5438,CDK2,5.483319,ductal_carcinoma
RERF-LC-KJ,IAP_5620,IAP,-3.505238,lung_cancer
MOLM-13,IAP_5620,IAP,1.611442,Leukemia
LK-2,AZD2014,"mTORC1, mTORC2",5.363511,lung_cancer
NCI-H226,AZD2014,"mTORC1, mTORC2",7.559829,lung_cancer
NCI-H23,AZD2014,"mTORC1, mTORC2",5.315623,non_small_cell_lung_cancer
SK-MEL-2,AZD2014,"mTORC1, mTORC2",5.46061,skin_cancer
KM12,AZD2014,"mTORC1, mTORC2",5.732924,colon_cancer
ABC-1,AZD2014,"mTORC1, mTORC2",5.139133,lung_cancer
HT-1080,AZD2014,"mTORC1, mTORC2",5.36907,fibrosarcoma_cancer
SK-N-DZ,AZD1208,"PIM1, PIM2, PIM3",3.110432,neuroblastoma
KELLY,AZD1208,"PIM1, PIM2, PIM3",2.698337,neuroblastoma
NCI-H226,AZD1208,"PIM1, PIM2, PIM3",7.290705,lung_cancer
MV-4-11,AZD1208,"PIM1, PIM2, PIM3",2.090557,leukaemia
PF-382,AZD1208,"PIM1, PIM2, PIM3",3.135241,TALL
AsPC-1,AZD1208,"PIM1, PIM2, PIM3",7.61769,pancreatic_cancer
MV-4-11,AZD1332,"NTRK1, NTRK2, NTRK3",-2.665729,leukaemia
ZR-75-30,AZD1332,"NTRK1, NTRK2, NTRK3",6.904696,breast_cancer
AsPC-1,AZD1332,"NTRK1, NTRK2, NTRK3",6.919644,pancreatic_cancer
HCC1428,AZD1332,"NTRK1, NTRK2, NTRK3",6.930837,breast_cancer
MOLM-13,AZD1332,"NTRK1, NTRK2, NTRK3",-2.981363,Leukemia
NCI-H226,SN-38,TOP1,1.454789,lung_cancer
AsPC-1,SN-38,TOP1,1.298371,pancreatic_cancer
OVKATE,SN-38,TOP1,0.708365,Ovarian Cancer
NCI-H660,SN-38,TOP1,2.856542,small_cell_carcinoma
RCH-ACV,Bicalutamide,AR,2.880446,acute lymphoblastic leukemia
SU-DHL-4,Bicalutamide,AR,2.765244,diffuse_histiocytic_lymphoma
CAL-120,Ruxolitinib,"JAK1, JAK2",7.452581,breast_cancer
JVM-2,Ruxolitinib,"JAK1, JAK2",2.389548,B-prolymphocytic_leukemia
MV-4-11,Ruxolitinib,"JAK1, JAK2",1.600528,leukaemia
AsPC-1,Ruxolitinib,"JAK1, JAK2",8.826805,pancreatic_cancer
AMO-1,Ruxolitinib,"JAK1, JAK2",2.436344,multiple_myeloma
DND-41,Ruxolitinib,"JAK1, JAK2",2.10032,TALL
HPAC,Ruxolitinib,"JAK1, JAK2",7.979008,Pancreatic Cancer
MOLM-13,Ruxolitinib,"JAK1, JAK2",1.888243,Leukemia
RCH-ACV,Ruxolitinib,"JAK1, JAK2",2.349678,acute lymphoblastic leukemia
SU-DHL-6,Ruxolitinib,"JAK1, JAK2",2.407055,B-cell non-Hodgkin lymphoma
MDA-MB-175-VII,Linsitinib,IGF1R,7.006155,invasive_ductal_carcinoma
BT-483,Linsitinib,IGF1R,7.548422,breast_cancer
OVKATE,Linsitinib,IGF1R,7.083794,Ovarian Cancer
HCC1187,Epirubicin,Anthracycline,2.621718,ductal_carcinoma
HH,Epirubicin,Anthracycline,3.489171,cutaneous T cell lymphoma
SNU-449,Epirubicin,Anthracycline,3.657299,hepatocellular_cancer
ZR-75-30,Epirubicin,Anthracycline,2.9391,breast_cancer
AsPC-1,Epirubicin,Anthracycline,2.632214,pancreatic_cancer
BT-483,Epirubicin,Anthracycline,4.101729,breast_cancer
OVKATE,Epirubicin,Anthracycline,3.017601,Ovarian Cancer
HCC1428,Epirubicin,Anthracycline,2.535497,breast_cancer
MOLM-13,Epirubicin,Anthracycline,-4.594981,Leukemia
NCI-H660,Epirubicin,Anthracycline,3.322595,small_cell_carcinoma
RCH-ACV,Epirubicin,Anthracycline,-4.473018,acute lymphoblastic leukemia
SU-DHL-5,Epirubicin,Anthracycline,-5.400957,B-cell non-Hodgkin lymphoma
NCI-H2347,Cyclophosphamide,Alkylating agent,7.339602,lung_cancer
HL-60,Cyclophosphamide,Alkylating agent,2.453183,leukaemia
NCI-H226,Cyclophosphamide,Alkylating agent,7.619137,lung_cancer
CAL-120,Cyclophosphamide,Alkylating agent,7.402776,breast_cancer
MDA-MB-175-VII,Cyclophosphamide,Alkylating agent,7.216548,invasive_ductal_carcinoma
AsPC-1,Cyclophosphamide,Alkylating agent,7.118391,pancreatic_cancer
BT-483,Cyclophosphamide,Alkylating agent,8.171233,breast_cancer
OVKATE,Cyclophosphamide,Alkylating agent,8.36188,Ovarian Cancer
SU-DHL-4,Cyclophosphamide,Alkylating agent,3.480669,diffuse_histiocytic_lymphoma
SU-DHL-5,Cyclophosphamide,Alkylating agent,2.758777,B-cell non-Hodgkin lymphoma
NCI-H226,Pevonedistat,NAE,6.803899,lung_cancer
NCI-H1666,Pevonedistat,NAE,5.254222,lung_cancer
SNU-449,Pevonedistat,NAE,5.288877,hepatocellular_cancer
ZR-75-30,Pevonedistat,NAE,6.99129,breast_cancer
AsPC-1,Pevonedistat,NAE,8.158806,pancreatic_cancer
TT,Pevonedistat,NAE,5.56773,medulla_carcinoma
BT-483,Pevonedistat,NAE,8.281664,breast_cancer
OVKATE,Pevonedistat,NAE,8.332344,Ovarian Cancer
PC-14,Sapitinib,"EGFR, ERBB2, ERBB3",-3.771568,lung_cancer
NCI-H929,Uprosertib,"AKT1, AKT2, AKT3",-2.567711,multiple_myeloma
CAL-120,Uprosertib,"AKT1, AKT2, AKT3",6.212622,breast_cancer
AsPC-1,LCL161,"XIAP, IAP1, IAP2",8.708181,pancreatic_cancer
NCI-H2347,Lapatinib,"EGFR, ERBB2",7.401059,lung_cancer
NCI-H226,Lapatinib,"EGFR, ERBB2",7.359646,lung_cancer
CAL-120,Lapatinib,"EGFR, ERBB2",7.060002,breast_cancer
TT,Lapatinib,"EGFR, ERBB2",6.919814,medulla_carcinoma
NCI-H2347,Luminespib,HSP90,5.154061,lung_cancer
VMRC-LCD,Luminespib,HSP90,1.725874,lung_cancer
HCC1187,Luminespib,HSP90,1.813268,ductal_carcinoma
AsPC-1,Luminespib,HSP90,3.409685,pancreatic_cancer
BT-483,Luminespib,HSP90,2.913386,breast_cancer
SUIT-2,Luminespib,HSP90,2.697419,moderately differentiated tubular adenocarcinoma
HPAC,Luminespib,HSP90,3.018256,Pancreatic Cancer
KP-2,Luminespib,HSP90,1.839511,Pancreatic Cancer
NCI-H2347,Alpelisib,PI3Kalpha,6.887377,lung_cancer
CAL-120,Alpelisib,PI3Kalpha,6.334416,breast_cancer
TT,Alpelisib,PI3Kalpha,6.138881,medulla_carcinoma
SUIT-2,Alpelisib,PI3Kalpha,6.184912,moderately differentiated tubular adenocarcinoma
HCC1428,Alpelisib,PI3Kalpha,7.509893,breast_cancer
VMRC-LCD,Taselisib,PI3K (beta sparing),5.692088,lung_cancer
NCI-H929,Taselisib,PI3K (beta sparing),-3.863198,multiple_myeloma
HT-1080,Taselisib,PI3K (beta sparing),5.256013,fibrosarcoma_cancer
UACC-893,Taselisib,PI3K (beta sparing),-2.45445,breast_cancer
SUIT-2,Taselisib,PI3K (beta sparing),5.334795,moderately differentiated tubular adenocarcinoma
HCC1428,Taselisib,PI3K (beta sparing),6.354147,breast_cancer
RCH-ACV,Taselisib,PI3K (beta sparing),-3.720165,acute lymphoblastic leukemia
SU-DHL-6,Taselisib,PI3K (beta sparing),-4.698652,B-cell non-Hodgkin lymphoma
NCI-H460,EPZ5676,DOT1L,3.221697,large_cell_lung_cancer
SK-MEL-28,EPZ5676,DOT1L,3.10889,skin_cancer
MDA-MB-175-VII,EPZ5676,DOT1L,7.974378,invasive_ductal_carcinoma
MV-4-11,EPZ5676,DOT1L,1.684176,leukaemia
AsPC-1,EPZ5676,DOT1L,8.720116,pancreatic_cancer
RL,EPZ5676,DOT1L,2.282981,non-Hodgkins lymphoma
BT-483,EPZ5676,DOT1L,8.309792,breast_cancer
OVKATE,EPZ5676,DOT1L,8.697053,Ovarian Cancer
MOLM-13,EPZ5676,DOT1L,3.16429,Leukemia
SU-DHL-10,EPZ5676,DOT1L,3.340125,diffuse_histiocytic_lymphoma
SU-DHL-4,EPZ5676,DOT1L,3.213744,diffuse_histiocytic_lymphoma
SU-DHL-5,EPZ5676,DOT1L,3.334555,B-cell non-Hodgkin lymphoma
KMS-11,EPZ5676,DOT1L,3.391532,multiple_myeloma
PC-3,SCH772984,"ERK1, ERK2",6.106877,prostate_cancer
ZR-75-30,SCH772984,"ERK1, ERK2",6.746342,breast_cancer
BT-483,SCH772984,"ERK1, ERK2",6.707277,breast_cancer
NCI-H2122,IWP-2,PORCN,0.367598,lung_cancer
MV-4-11,IWP-2,PORCN,1.013759,leukaemia
NAMALWA,IWP-2,PORCN,0.555307,lymphoma
L-363,IWP-2,PORCN,0.569921,plasma_cell_leukemia
AMO-1,IWP-2,PORCN,0.956041,multiple_myeloma
HPAC,IWP-2,PORCN,1.008285,Pancreatic Cancer
SU-DHL-4,IWP-2,PORCN,0.824904,diffuse_histiocytic_lymphoma
SU-DHL-6,IWP-2,PORCN,0.919176,B-cell non-Hodgkin lymphoma
NCI-H2087,Leflunomide,Pyrimidine synthesis inhibitor,7.27601,lung_cancer
HCC38,Leflunomide,Pyrimidine synthesis inhibitor,6.964622,breast_cancer
SK-MEL-2,Leflunomide,Pyrimidine synthesis inhibitor,6.883862,skin_cancer
AsPC-1,Leflunomide,Pyrimidine synthesis inhibitor,7.346865,pancreatic_cancer
NCI-H1650,Bromosporine,"CECR2, BRD2, BRD4, BRD9",5.006022,lung_cancer
SNU-449,Bromosporine,"CECR2, BRD2, BRD4, BRD9",4.964168,hepatocellular_cancer
AsPC-1,Bromosporine,"CECR2, BRD2, BRD4, BRD9",6.395624,pancreatic_cancer
NCI-H526,SGC-CBP30,"EP300, CBP",1.594639,lung_cancer
KMS-12-BM,SGC-CBP30,"EP300, CBP",2.413216,Multiple Myeloma
NAMALWA,SGC-CBP30,"EP300, CBP",2.383249,lymphoma
AsPC-1,SGC-CBP30,"EP300, CBP",6.843775,pancreatic_cancer
Calu-3,GSK-LSD1,KDM1,4.4181,lung_cancer
NCI-H526,GSK-LSD1,KDM1,-0.492764,lung_cancer
HL-60,GSK-LSD1,KDM1,0.670611,leukaemia
JVM-2,GSK-LSD1,KDM1,0.747747,B-prolymphocytic_leukemia
L-428,GSK-LSD1,KDM1,0.88047,lymphoma
AsPC-1,GSK-LSD1,KDM1,5.375746,pancreatic_cancer
L-363,GSK-LSD1,KDM1,0.760772,plasma_cell_leukemia
EN,GSK-LSD1,KDM1,0.560234,Endometrial Cancer
SU-DHL-10,GSK-LSD1,KDM1,0.465734,diffuse_histiocytic_lymphoma
NCI-H526,BDOCA000347a,"BRPF1, BRPF2, BRPF3",0.529416,lung_cancer
HL-60,BDOCA000347a,"BRPF1, BRPF2, BRPF3",0.200885,leukaemia
NCI-H226,BDOCA000347a,"BRPF1, BRPF2, BRPF3",4.859186,lung_cancer
MOLT-4,BDOCA000347a,"BRPF1, BRPF2, BRPF3",0.152405,leukaemia
SK-OV-3,BDOCA000347a,"BRPF1, BRPF2, BRPF3",4.965855,ovarian_cancer
MDA-MB-453,BDOCA000347a,"BRPF1, BRPF2, BRPF3",0.591841,breast_cancer
AsPC-1,BDOCA000347a,"BRPF1, BRPF2, BRPF3",5.297134,pancreatic_cancer
SK-OV-3,BDF00022089a,"BRPF1, BRPF2, BRPF3",6.048651,ovarian_cancer
CAL-120,BDF00022089a,"BRPF1, BRPF2, BRPF3",6.179225,breast_cancer
NAMALWA,BDF00022089a,"BRPF1, BRPF2, BRPF3",2.550691,lymphoma
BT-474,BDF00022089a,"BRPF1, BRPF2, BRPF3",6.04609,breast_cancer
EN,BDF00022089a,"BRPF1, BRPF2, BRPF3",2.339291,Endometrial Cancer
LOU-NH91,BDF00022089a,"BRPF1, BRPF2, BRPF3",2.776381,Lung Cancer
NCI-H226,BDILV000379a,"BAZ2A, BAZ2B",6.433471,lung_cancer
CAL-120,BDILV000379a,"BAZ2A, BAZ2B",6.238406,breast_cancer
AsPC-1,BDILV000379a,"BAZ2A, BAZ2B",6.783062,pancreatic_cancer
L-1236,BDILV000379a,"BAZ2A, BAZ2B",2.405965,lymphoma
SU-DHL-6,BDILV000379a,"BAZ2A, BAZ2B",2.364446,B-cell non-Hodgkin lymphoma
NCI-H1650,Entinostat,"HDAC1, HDAC3",6.546153,lung_cancer
BT-483,Entinostat,"HDAC1, HDAC3",6.232501,breast_cancer
AsPC-1,OSI-027,"MTORC1, MTORC2",5.831971,pancreatic_cancer
NCI-H526,LGK974,PORCN,2.007381,lung_cancer
NCI-H23,LGK974,PORCN,1.785579,non_small_cell_lung_cancer
MOLT-4,LGK974,PORCN,1.858123,leukaemia
CAL-120,LGK974,PORCN,6.976074,breast_cancer
BT-483,LGK974,PORCN,6.477008,breast_cancer
OVKATE,LGK974,PORCN,7.645436,Ovarian Cancer
AMO-1,LGK974,PORCN,1.823813,multiple_myeloma
NCI-H226,VE-822,ATR,6.800271,lung_cancer
AsPC-1,WZ4003,"NUAK1, NUAK2",7.583828,pancreatic_cancer
SW620,CZC24832,PI3Kgamma,7.096334,colon_cancer
BT-20,CZC24832,PI3Kgamma,3.140376,breast_cancer
CAL-120,CZC24832,PI3Kgamma,7.376474,breast_cancer
JVM-2,CZC24832,PI3Kgamma,3.217655,B-prolymphocytic_leukemia
NAMALWA,CZC24832,PI3Kgamma,2.630874,lymphoma
P12-ICHIKAWA,CZC24832,PI3Kgamma,2.538541,TALL
Raji,CZC24832,PI3Kgamma,2.753475,lymphoma
THP-1,CZC24832,PI3Kgamma,2.967013,acute_monocytic_leukemia
AsPC-1,CZC24832,PI3Kgamma,8.041754,pancreatic_cancer
L-363,CZC24832,PI3Kgamma,3.160968,plasma_cell_leukemia
AMO-1,CZC24832,PI3Kgamma,2.696379,multiple_myeloma
L-1236,CZC24832,PI3Kgamma,2.618074,lymphoma
RCH-ACV,CZC24832,PI3Kgamma,2.885863,acute lymphoblastic leukemia
SU-DHL-6,CZC24832,PI3Kgamma,2.527462,B-cell non-Hodgkin lymphoma
NCI-H226,AZD5582,"XIAP, cIAP",7.486184,lung_cancer
SK-OV-3,AZD5582,"XIAP, cIAP",-4.523235,ovarian_cancer
HCC70,AZD5582,"XIAP, cIAP",-3.852929,breast_cancer
KARPAS-299,AZD5582,"XIAP, cIAP",-4.325297,CD30+_anaplastic_large_cell_lymphoma
SNG-M,AZD5582,"XIAP, cIAP",-2.593672,intermediately differentiated adenocarcinoma
RL,AZD5582,"XIAP, cIAP",-5.06936,non-Hodgkins lymphoma
RERF-LC-KJ,AZD5582,"XIAP, cIAP",-5.890687,lung_cancer
MOLM-13,AZD5582,"XIAP, cIAP",-3.675784,Leukemia
NCI-H226,GSK2606414,PERK,6.538155,lung_cancer
CAL-120,GSK2606414,PERK,6.261697,breast_cancer
NCI-H1666,GSK2606414,PERK,6.276069,lung_cancer
AsPC-1,GSK2606414,PERK,8.17409,pancreatic_cancer
MC116,PFI3,"Polybromo 1, SMARCA4, SMARCA2",3.613402,undifferentiated B lymphoma
NAMALWA,PFI3,"Polybromo 1, SMARCA4, SMARCA2",2.863992,lymphoma
P12-ICHIKAWA,PFI3,"Polybromo 1, SMARCA4, SMARCA2",3.651709,TALL
Raji,PFI3,"Polybromo 1, SMARCA4, SMARCA2",2.606296,lymphoma
AsPC-1,PFI3,"Polybromo 1, SMARCA4, SMARCA2",8.394217,pancreatic_cancer
SU-DHL-10,PFI3,"Polybromo 1, SMARCA4, SMARCA2",3.062505,diffuse_histiocytic_lymphoma
MC116,PCI-34051,"HDAC8, HDAC6, HDAC1",1.675861,undifferentiated B lymphoma
NAMALWA,PCI-34051,"HDAC8, HDAC6, HDAC1",1.689695,lymphoma
AsPC-1,PCI-34051,"HDAC8, HDAC6, HDAC1",7.638481,pancreatic_cancer
NCI-H1650,Wnt-C59,PORCN,6.741355,lung_cancer
NCI-H526,Wnt-C59,PORCN,2.134521,lung_cancer
HCC1954,Wnt-C59,PORCN,1.908258,breast_cancer
NCI-H226,Wnt-C59,PORCN,7.113766,lung_cancer
SK-OV-3,Wnt-C59,PORCN,6.5659,ovarian_cancer
CAL-120,Wnt-C59,PORCN,6.561959,breast_cancer
NAMALWA,Wnt-C59,PORCN,1.948828,lymphoma
L-1236,Wnt-C59,PORCN,2.092837,lymphoma
MOLM-13,Wnt-C59,PORCN,2.129051,Leukemia
RCH-ACV,Wnt-C59,PORCN,1.605267,acute lymphoblastic leukemia
ZR-75-30,I-BET-762,"BRD2, BRD3, BRD4",6.767435,breast_cancer
AsPC-1,I-BET-762,"BRD2, BRD3, BRD4",7.225328,pancreatic_cancer
KP-2,I-BET-762,"BRD2, BRD3, BRD4",6.413234,Pancreatic Cancer
NCI-H526,RVX-208,BRD4,1.971522,lung_cancer
CAL-120,RVX-208,BRD4,7.18602,breast_cancer
KMS-12-BM,RVX-208,BRD4,2.535808,Multiple Myeloma
NAMALWA,RVX-208,BRD4,1.850525,lymphoma
THP-1,RVX-208,BRD4,2.064409,acute_monocytic_leukemia
AsPC-1,RVX-208,BRD4,7.445796,pancreatic_cancer
RCH-ACV,RVX-208,BRD4,2.331229,acute lymphoblastic leukemia
KMS-11,RVX-208,BRD4,2.221582,multiple_myeloma
NCI-H526,OTX015,"BRD2, BRD3, BRD4",-2.408945,lung_cancer
CAL-120,OTX015,"BRD2, BRD3, BRD4",6.726296,breast_cancer
KP-N-YN,OTX015,"BRD2, BRD3, BRD4",6.263312,neuroblastoma
ZR-75-30,OTX015,"BRD2, BRD3, BRD4",6.480411,breast_cancer
AsPC-1,OTX015,"BRD2, BRD3, BRD4",6.943738,pancreatic_cancer
KP-2,OTX015,"BRD2, BRD3, BRD4",6.089047,Pancreatic Cancer
L-1236,OTX015,"BRD2, BRD3, BRD4",-2.548384,lymphoma
NCI-H226,GSK343,EZH2,5.256405,lung_cancer
CAL-120,GSK343,EZH2,4.98507,breast_cancer
KMS-12-BM,GSK343,EZH2,0.957574,Multiple Myeloma
NAMALWA,GSK343,EZH2,0.250655,lymphoma
P12-ICHIKAWA,GSK343,EZH2,0.996661,TALL
Raji,GSK343,EZH2,0.988812,lymphoma
AsPC-1,GSK343,EZH2,5.801625,pancreatic_cancer
AMO-1,GSK343,EZH2,0.566461,multiple_myeloma
L-1236,GSK343,EZH2,0.58452,lymphoma
SU-DHL-10,GSK343,EZH2,0.652847,diffuse_histiocytic_lymphoma
HCC38,ML323,"USP1, UAF1",6.823519,breast_cancer
NCI-H226,ML323,"USP1, UAF1",6.698597,lung_cancer
MOLT-4,ML323,"USP1, UAF1",2.390069,leukaemia
SK-OV-3,ML323,"USP1, UAF1",7.322049,ovarian_cancer
NCI-H226,Entospletinib,SYK,6.301644,lung_cancer
KP-N-YN,Entospletinib,SYK,6.178741,neuroblastoma
BT-474,PRT062607,SYK,5.98682,breast_cancer
MDA-MB-436,PRT062607,SYK,6.166239,breast_cancer
HCC1428,PRT062607,SYK,6.783703,breast_cancer
SK-ES-1,Ribociclib,"CDK4, CDK6",1.091608,Ewing family tumor
NCI-H2347,Ribociclib,"CDK4, CDK6",5.872693,lung_cancer
CAL-120,Ribociclib,"CDK4, CDK6",6.859226,breast_cancer
JVM-2,Ribociclib,"CDK4, CDK6",0.987454,B-prolymphocytic_leukemia
MV-4-11,Ribociclib,"CDK4, CDK6",0.209045,leukaemia
RPMI-8402,Ribociclib,"CDK4, CDK6",1.159925,TALL
AsPC-1,Ribociclib,"CDK4, CDK6",7.011821,pancreatic_cancer
BT-483,Ribociclib,"CDK4, CDK6",5.975871,breast_cancer
MOLM-13,Ribociclib,"CDK4, CDK6",0.927944,Leukemia
OCI-LY-19,Ribociclib,"CDK4, CDK6",0.807881,germinal center B-cell-like (GCB) DLBCL
RCH-ACV,Ribociclib,"CDK4, CDK6",0.630108,acute lymphoblastic leukemia
NCI-H1650,AGI-6780,IDH2 R140Q mutant,6.627553,lung_cancer
NCI-H526,AGI-6780,IDH2 R140Q mutant,2.072459,lung_cancer
SK-OV-3,AGI-6780,IDH2 R140Q mutant,6.621771,ovarian_cancer
AsPC-1,AGI-6780,IDH2 R140Q mutant,7.296702,pancreatic_cancer
AMO-1,AGI-6780,IDH2 R140Q mutant,1.71741,multiple_myeloma
QGP-1,AGI-6780,IDH2 R140Q mutant,6.788999,Pancreatic Cancer
SU-DHL-6,AGI-6780,IDH2 R140Q mutant,2.004727,B-cell non-Hodgkin lymphoma
NCI-H526,Picolinici-acid,Inflammatory related,3.50915,lung_cancer
NCI-H226,Picolinici-acid,Inflammatory related,6.884491,lung_cancer
KARPAS-299,Picolinici-acid,Inflammatory related,3.621881,CD30+_anaplastic_large_cell_lymphoma
KMS-12-BM,Picolinici-acid,Inflammatory related,3.605725,Multiple Myeloma
MC116,Picolinici-acid,Inflammatory related,3.231291,undifferentiated B lymphoma
NAMALWA,Picolinici-acid,Inflammatory related,3.546285,lymphoma
L-363,Picolinici-acid,Inflammatory related,3.61201,plasma_cell_leukemia
AMO-1,Picolinici-acid,Inflammatory related,3.337511,multiple_myeloma
NCI-H1650,AZD5153,BRD4,5.948671,lung_cancer
NCI-H526,AZD5153,BRD4,-2.931329,lung_cancer
NCI-H929,AZD5153,BRD4,-3.614234,multiple_myeloma
HCC1937,AZD5153,BRD4,5.62057,ductal_carcinoma
KM12,AZD5153,BRD4,5.689425,colon_cancer
KMS-12-BM,AZD5153,BRD4,-2.873518,Multiple Myeloma
MV-4-11,AZD5153,BRD4,-3.679159,leukaemia
OPM-2,AZD5153,BRD4,-3.167193,multiple_myeloma
ZR-75-30,AZD5153,BRD4,5.551894,breast_cancer
AsPC-1,AZD5153,BRD4,5.981751,pancreatic_cancer
AMO-1,AZD5153,BRD4,-2.794359,multiple_myeloma
L-1236,AZD5153,BRD4,-3.567801,lymphoma
MOLM-13,AZD5153,BRD4,-2.54832,Leukemia
SU-DHL-5,AZD5153,BRD4,-2.614181,B-cell non-Hodgkin lymphoma
SU-DHL-6,AZD5153,BRD4,-2.687087,B-cell non-Hodgkin lymphoma
NCI-H1650,CDK9_5576,CDK9,3.014344,lung_cancer
HCC1937,CDK9_5576,CDK9,3.760891,ductal_carcinoma
MOLT-4,CDK9_5576,CDK9,3.716894,leukaemia
KM12,CDK9_5576,CDK9,5.733286,colon_cancer
HCC1419,CDK9_5576,CDK9,3.820679,breast_cancer
KP-N-YN,CDK9_5576,CDK9,5.79214,neuroblastoma
ZR-75-30,CDK9_5576,CDK9,2.993957,breast_cancer
HCC-15,CDK9_5576,CDK9,3.710857,lung_cancer
HCC1428,CDK9_5576,CDK9,4.145851,breast_cancer
HCC1937,CDK9_5038,CDK9,2.546633,ductal_carcinoma
MOLT-4,CDK9_5038,CDK9,2.145326,leukaemia
KM12,CDK9_5038,CDK9,4.529313,colon_cancer
HCC1419,CDK9_5038,CDK9,1.908717,breast_cancer
KP-N-YN,CDK9_5038,CDK9,4.740366,neuroblastoma
AsPC-1,CDK9_5038,CDK9,3.110557,pancreatic_cancer
HCC-15,CDK9_5038,CDK9,2.204476,lung_cancer
HCC1428,CDK9_5038,CDK9,3.545023,breast_cancer
QGP-1,CDK9_5038,CDK9,3.348367,Pancreatic Cancer
NCI-H1650,Eg5_9814,KSP11,1.238513,lung_cancer
HCC1937,Eg5_9814,KSP11,1.06818,ductal_carcinoma
NCI-H226,Eg5_9814,KSP11,1.713079,lung_cancer
OVCAR-4,Eg5_9814,KSP11,0.811242,ovarian_cancer
AsPC-1,Eg5_9814,KSP11,0.94581,pancreatic_cancer
OV-90,Eg5_9814,KSP11,0.922047,malignant_papillary_serous_adenocarcinoma
SUIT-2,Eg5_9814,KSP11,0.807508,moderately differentiated tubular adenocarcinoma
HCC1428,Eg5_9814,KSP11,0.721676,breast_cancer
HDQ-P1,Eg5_9814,KSP11,0.698979,breast_cancer
KP-N-YN,ERK_2440,"ERK1,ERK2",6.256126,neuroblastoma
HCC1428,ERK_2440,"ERK1,ERK2",5.813399,breast_cancer
ZR-75-30,ERK_6604,"ERK1,ERK2",6.737949,breast_cancer
NCI-H2122,IRAK4_4710,IRAK4,2.761932,lung_cancer
NCI-H1666,IRAK4_4710,IRAK4,6.908339,lung_cancer
AsPC-1,IRAK4_4710,IRAK4,7.350545,pancreatic_cancer
SU-DHL-10,IRAK4_4710,IRAK4,2.880063,diffuse_histiocytic_lymphoma
SU-DHL-6,IRAK4_4710,IRAK4,2.780041,B-cell non-Hodgkin lymphoma
AsPC-1,JAK1_8709,JAK1,7.215916,pancreatic_cancer
HCC1428,JAK1_8709,JAK1,6.946521,breast_cancer
DND-41,JAK1_8709,JAK1,1.504796,TALL
L-1236,JAK1_8709,JAK1,-2.683784,lymphoma
NCI-H929,AZD5991,MCL1,-2.843765,multiple_myeloma
HCC1954,AZD5991,MCL1,-3.012473,breast_cancer
HL-60,AZD5991,MCL1,-2.290258,leukaemia
BT-20,AZD5991,MCL1,-2.404628,breast_cancer
KMS-12-BM,AZD5991,MCL1,-3.731961,Multiple Myeloma
MV-4-11,AZD5991,MCL1,-5.420302,leukaemia
OPM-2,AZD5991,MCL1,-3.048923,multiple_myeloma
Raji,AZD5991,MCL1,-2.681287,lymphoma
AMO-1,AZD5991,MCL1,-3.040929,multiple_myeloma
MOLM-13,AZD5991,MCL1,-2.78214,Leukemia
SU-DHL-5,AZD5991,MCL1,-3.180974,B-cell non-Hodgkin lymphoma
SU-DHL-6,AZD5991,MCL1,-3.573246,B-cell non-Hodgkin lymphoma
ABC-1,PAK_5339,"PAK1, PAK2",4.365818,lung_cancer
NCI-H226,TAF1_5496,TAF1,7.712998,lung_cancer
CAL-120,TAF1_5496,TAF1,7.052397,breast_cancer
CADO-ES1,ULK1_4989,ULK1,6.104199,Ewings_sarcoma
KM12,ULK1_4989,ULK1,6.817345,colon_cancer
AsPC-1,ULK1_4989,ULK1,9.800763,pancreatic_cancer
CCK-81,ULK1_4989,ULK1,6.397653,Colon Cancer
SUIT-2,ULK1_4989,ULK1,7.55376,moderately differentiated tubular adenocarcinoma
MOLM-13,ULK1_4989,ULK1,-1.927946,Leukemia
KM12,VSP34_8731,VSP34,6.674904,colon_cancer
KP-N-YN,VSP34_8731,VSP34,5.061094,neuroblastoma
ZR-75-30,VSP34_8731,VSP34,4.823361,breast_cancer
AsPC-1,VSP34_8731,VSP34,5.644585,pancreatic_cancer
BT-474,VSP34_8731,VSP34,4.576286,breast_cancer
QGP-1,VSP34_8731,VSP34,5.531735,Pancreatic Cancer
NCI-H226,Selumetinib,"MEK1, MEK2",8.033567,lung_cancer
CHP-212,Selumetinib,"MEK1, MEK2",-2.509793,neuroblastoma
Calu-3,IGF1R_3801,IGFR1,5.675,lung_cancer
KM12,IGF1R_3801,IGFR1,5.733286,colon_cancer
ZR-75-30,IGF1R_3801,IGFR1,6.759168,breast_cancer
BT-474,IGF1R_3801,IGFR1,6.638938,breast_cancer
EFM-192A,IGF1R_3801,IGFR1,5.998105,breast_cancer
HCC1428,IGF1R_3801,IGFR1,6.742977,breast_cancer
GRANTA-519,IGF1R_3801,IGFR1,5.631066,mantle_cell_lymphoma
AsPC-1,JAK_8517,"JAK1, JAK2",7.804637,pancreatic_cancer
SUIT-2,JAK_8517,"JAK1, JAK2",6.741795,moderately differentiated tubular adenocarcinoma
HCC1428,JAK_8517,"JAK1, JAK2",6.952368,breast_cancer
PC-14,GSK2256098C,FAK1,6.220035,lung_cancer
NCI-H226,GSK2256098C,FAK1,6.378377,lung_cancer
SW620,GSK2256098C,FAK1,6.325366,colon_cancer
CAL-120,GSK2256098C,FAK1,6.239711,breast_cancer
OPM-2,GSK2256098C,FAK1,2.046284,multiple_myeloma
Raji,GSK2256098C,FAK1,2.40561,lymphoma
AsPC-1,GSK2256098C,FAK1,7.27229,pancreatic_cancer
BT-474,GSK2256098C,FAK1,6.24038,breast_cancer
SU-DHL-5,GSK2256098C,FAK1,2.175772,B-cell non-Hodgkin lymphoma
NCI-H226,GSK2276186C,"JAK1, JAK2, JAK3",7.717194,lung_cancer
AsPC-1,GSK2276186C,"JAK1, JAK2, JAK3",8.20388,pancreatic_cancer
ALL-SIL,GSK2276186C,"JAK1, JAK2, JAK3",2.040246,TALL
NCI-H226,GSK2110183B,"AKT1, AKT2, AKT3",6.623692,lung_cancer
SW620,GSK2110183B,"AKT1, AKT2, AKT3",6.725574,colon_cancer
AsPC-1,GSK2110183B,"AKT1, AKT2, AKT3",7.012694,pancreatic_cancer
NCI-H226,GSK626616AC,DYRK1A,2.843274,lung_cancer
SW620,GSK626616AC,DYRK1A,3.358093,colon_cancer
CAL-120,GSK626616AC,DYRK1A,2.8788,breast_cancer
HH,GSK626616AC,DYRK1A,-1.193509,cutaneous T cell lymphoma
Raji,GSK626616AC,DYRK1A,-1.39846,lymphoma
AsPC-1,GSK626616AC,DYRK1A,3.760122,pancreatic_cancer
BT-474,GSK626616AC,DYRK1A,2.848205,breast_cancer
L-1236,GSK626616AC,DYRK1A,-1.532532,lymphoma
SU-DHL-5,GSK626616AC,DYRK1A,-0.989146,B-cell non-Hodgkin lymphoma
NCI-H526,GSK3337463A,NIK,2.92537,lung_cancer
NCI-H226,GSK3337463A,NIK,7.621139,lung_cancer
SW620,GSK3337463A,NIK,7.464604,colon_cancer
AsPC-1,GSK3337463A,NIK,8.585859,pancreatic_cancer
BT-474,GSK3337463A,NIK,7.386556,breast_cancer
AMO-1,GSK3337463A,NIK,2.248239,multiple_myeloma
L-1236,GSK3337463A,NIK,1.925859,lymphoma
SU-DHL-10,GSK3337463A,NIK,2.756153,diffuse_histiocytic_lymphoma
NCI-H226,GSK2830371A,PPM1D,7.901707,lung_cancer
SW620,GSK2830371A,PPM1D,7.673695,colon_cancer
CHP-212,GSK2830371A,PPM1D,2.768969,neuroblastoma
AsPC-1,GSK2830371A,PPM1D,7.689652,pancreatic_cancer
MOLM-13,GSK2830371A,PPM1D,2.900546,Leukemia
SU-DHL-5,GSK2830371A,PPM1D,2.588622,B-cell non-Hodgkin lymphoma
SU-DHL-6,GSK2830371A,PPM1D,2.722163,B-cell non-Hodgkin lymphoma
HCC1187,LMB_AB1,"ADRA1A, ADRB1",3.364254,ductal_carcinoma
NCI-H226,LMB_AB1,"ADRA1A, ADRB1",7.713685,lung_cancer
OPM-2,LMB_AB1,"ADRA1A, ADRB1",3.03227,multiple_myeloma
PF-382,LMB_AB1,"ADRA1A, ADRB1",3.357871,TALL
AsPC-1,LMB_AB1,"ADRA1A, ADRB1",8.601673,pancreatic_cancer
SU-DHL-5,LMB_AB1,"ADRA1A, ADRB1",3.345295,B-cell non-Hodgkin lymphoma
HCC1187,LMB_AB2,GADD34,3.675772,ductal_carcinoma
NCI-H226,LMB_AB2,GADD34,7.797816,lung_cancer
SW620,LMB_AB2,GADD34,7.667685,colon_cancer
CAL-120,LMB_AB2,GADD34,7.329709,breast_cancer
PF-382,LMB_AB2,GADD34,3.678914,TALL
AsPC-1,LMB_AB2,GADD34,8.045362,pancreatic_cancer
BT-474,LMB_AB2,GADD34,7.325929,breast_cancer
SU-DHL-6,LMB_AB2,GADD34,3.198252,B-cell non-Hodgkin lymphoma
NCI-H2122,LMB_AB3,PPP1R15B,2.902232,lung_cancer
HCC1187,LMB_AB3,PPP1R15B,2.640028,ductal_carcinoma
NCI-H226,LMB_AB3,PPP1R15B,7.503069,lung_cancer
CAL-120,LMB_AB3,PPP1R15B,7.463239,breast_cancer
KARPAS-299,LMB_AB3,PPP1R15B,2.561896,CD30+_anaplastic_large_cell_lymphoma
AsPC-1,LMB_AB3,PPP1R15B,8.050907,pancreatic_cancer
SU-DHL-5,LMB_AB3,PPP1R15B,1.75271,B-cell non-Hodgkin lymphoma
SU-DHL-6,LMB_AB3,PPP1R15B,2.547382,B-cell non-Hodgkin lymphoma
T24,AZD4547,"FGFR1, FGFR2, FGFR3",5.975675,transitional_cell_carcinoma
SK-MEL-28,AZD4547,"FGFR1, FGFR2, FGFR3",5.748578,skin_cancer
SK-MEL-5,AZD4547,"FGFR1, FGFR2, FGFR3",6.000137,skin_cancer
UACC-893,AZD4547,"FGFR1, FGFR2, FGFR3",5.730489,breast_cancer
AsPC-1,AZD4547,"FGFR1, FGFR2, FGFR3",6.014274,pancreatic_cancer
UACC-893,Ibrutinib,BTK,-2.696958,breast_cancer
AsPC-1,Ibrutinib,BTK,7.830896,pancreatic_cancer
HCC2157,Zoledronate, ,1.691893,ductal_carcinoma
NCI-H226,Zoledronate, ,6.167248,lung_cancer
SW620,Zoledronate, ,5.834531,colon_cancer
AsPC-1,Zoledronate, ,6.96104,pancreatic_cancer
MOLM-13,Zoledronate, ,1.558443,Leukemia
NCI-H226,Oxaliplatin,DNA alkylating agent,8.511529,lung_cancer
AsPC-1,Oxaliplatin,DNA alkylating agent,9.402103,pancreatic_cancer
SK-ES-1,Topotecan,TOP1,-4.205235,Ewing family tumor
NCI-H209,Topotecan,TOP1,-3.761615,lung_cancer
HCC1187,Topotecan,TOP1,4.157331,ductal_carcinoma
SK-MEL-2,Topotecan,TOP1,4.25392,skin_cancer
ZR-75-30,Topotecan,TOP1,5.49548,breast_cancer
AsPC-1,Topotecan,TOP1,5.825041,pancreatic_cancer
BT-474,Topotecan,TOP1,5.663722,breast_cancer
EN,Topotecan,TOP1,4.707845,Endometrial Cancer
EFM-192A,Topotecan,TOP1,4.274808,breast_cancer
ALL-SIL,Topotecan,TOP1,-3.906783,TALL
SU-DHL-5,Topotecan,TOP1,-5.154867,B-cell non-Hodgkin lymphoma
SK-ES-1,Mitoxantrone,TOP2,-4.294253,Ewing family tumor
HCC1937,Mitoxantrone,TOP2,5.128531,ductal_carcinoma
UACC-257,Mitoxantrone,TOP2,5.091641,melanoma
P12-ICHIKAWA,Mitoxantrone,TOP2,-4.274002,TALL
SNU-449,Mitoxantrone,TOP2,5.524956,hepatocellular_cancer
BT-474,Mitoxantrone,TOP2,5.004962,breast_cancer
MOLM-13,Mitoxantrone,TOP2,-5.016271,Leukemia
SU-DHL-5,Mitoxantrone,TOP2,-5.341672,B-cell non-Hodgkin lymphoma
NCI-H226,Dactinomycin,RNA polymerase,0.425366,lung_cancer
AsPC-1,Dactinomycin,RNA polymerase,1.357158,pancreatic_cancer
SU-DHL-5,Dactinomycin,RNA polymerase,-5.118383,B-cell non-Hodgkin lymphoma
CAL-120,Bleomycin,dsDNA break induction,5.676148,breast_cancer
AsPC-1,Bleomycin,dsDNA break induction,7.049947,pancreatic_cancer
AsPC-1,Fludarabine,Antimetabolite,9.073634,pancreatic_cancer
NCI-H1650,Dacarbazine,CP11A,7.63412,lung_cancer
NCI-H226,Dacarbazine,CP11A,8.203211,lung_cancer
CAL-120,Dacarbazine,CP11A,7.5832,breast_cancer
AsPC-1,Dacarbazine,CP11A,8.653533,pancreatic_cancer
HCC1428,Dacarbazine,CP11A,7.556552,breast_cancer
SU-DHL-5,Dacarbazine,CP11A,3.596381,B-cell non-Hodgkin lymphoma
CAL-120,Fulvestrant,ESR,7.000782,breast_cancer
HH,Fulvestrant,ESR,2.11122,cutaneous T cell lymphoma
JVM-2,Fulvestrant,ESR,2.112823,B-prolymphocytic_leukemia
ZR-75-30,Fulvestrant,ESR,6.912354,breast_cancer
AsPC-1,Fulvestrant,ESR,8.472402,pancreatic_cancer
SU-DHL-6,Fulvestrant,ESR,2.064841,B-cell non-Hodgkin lymphoma
NCI-H1650,Romidepsin,"HDAC1, HDAC2, HDAC3, HDAC8",-1.655737,lung_cancer
NCI-H226,Romidepsin,"HDAC1, HDAC2, HDAC3, HDAC8",-2.072302,lung_cancer
OVCAR-4,Romidepsin,"HDAC1, HDAC2, HDAC3, HDAC8",-2.835393,ovarian_cancer
SNU-449,Romidepsin,"HDAC1, HDAC2, HDAC3, HDAC8",-0.00707,hepatocellular_cancer
ZR-75-30,Romidepsin,"HDAC1, HDAC2, HDAC3, HDAC8",-2.472098,breast_cancer
AsPC-1,Romidepsin,"HDAC1, HDAC2, HDAC3, HDAC8",-2.493978,pancreatic_cancer
SUIT-2,Romidepsin,"HDAC1, HDAC2, HDAC3, HDAC8",-1.660476,moderately differentiated tubular adenocarcinoma
HPAC,Romidepsin,"HDAC1, HDAC2, HDAC3, HDAC8",-3.095954,Pancreatic Cancer
NCI-H1650,Docetaxel,Microtubule stabiliser,4.26784,lung_cancer
NCI-H226,Docetaxel,Microtubule stabiliser,4.289135,lung_cancer
SK-MEL-2,Docetaxel,Microtubule stabiliser,4.25741,skin_cancer
AsPC-1,Docetaxel,Microtubule stabiliser,5.631903,pancreatic_cancer
OV-90,Docetaxel,Microtubule stabiliser,4.290061,malignant_papillary_serous_adenocarcinoma
HCC1428,Docetaxel,Microtubule stabiliser,5.150877,breast_cancer
LK-2,LMP744,TOP1,4.557906,lung_cancer
VMRC-LCD,LMP744,TOP1,5.019473,lung_cancer
NCI-H226,LMP744,TOP1,5.952338,lung_cancer
MCF7,LMP744,TOP1,5.058067,breast_cancer
ZR-75-30,LMP744,TOP1,5.868054,breast_cancer
AsPC-1,LMP744,TOP1,6.215533,pancreatic_cancer
OVISE,LMP744,TOP1,4.92494,Ovarian Cancer
EFM-192A,LMP744,TOP1,4.82523,breast_cancer
HCC1428,LMP744,TOP1,5.433008,breast_cancer
KP-2,LMP744,TOP1,4.577457,Pancreatic Cancer
HCC1937,Sabutoclax,"BCL2,  BCL-XL,  BFL1, MCL1",2.479604,ductal_carcinoma
KELLY,Sabutoclax,"BCL2,  BCL-XL,  BFL1, MCL1",-3.573727,neuroblastoma
NCI-H460,Sabutoclax,"BCL2,  BCL-XL,  BFL1, MCL1",-3.594587,large_cell_lung_cancer
SK-OV-3,Sabutoclax,"BCL2,  BCL-XL,  BFL1, MCL1",3.339047,ovarian_cancer
A2780,Sabutoclax,"BCL2,  BCL-XL,  BFL1, MCL1",-3.15835,ovarian_cancer
HH,Sabutoclax,"BCL2,  BCL-XL,  BFL1, MCL1",2.327188,cutaneous T cell lymphoma
SU-DHL-10,Sabutoclax,"BCL2,  BCL-XL,  BFL1, MCL1",-3.646184,diffuse_histiocytic_lymphoma
SU-DHL-4,Sabutoclax,"BCL2,  BCL-XL,  BFL1, MCL1",-3.068336,diffuse_histiocytic_lymphoma
SU-DHL-5,Sabutoclax,"BCL2,  BCL-XL,  BFL1, MCL1",-4.506174,B-cell non-Hodgkin lymphoma
NCI-H226,LY2109761,TGFB1,7.723175,lung_cancer
KM12,LY2109761,TGFB1,2.805435,colon_cancer
AsPC-1,LY2109761,TGFB1,7.40158,pancreatic_cancer
RL,LY2109761,TGFB1,1.783886,non-Hodgkins lymphoma
RCH-ACV,LY2109761,TGFB1,2.367004,acute lymphoblastic leukemia
NCI-H226,OF-1,"BRPF1B, BRPF2",7.38773,lung_cancer
CAL-120,OF-1,"BRPF1B, BRPF2",6.831662,breast_cancer
JJN-3,OF-1,"BRPF1B, BRPF2",1.783369,multiple_myeloma
NCI-H2122,MN-64,"TNKS1, TNKS2",2.352454,lung_cancer
HL-60,MN-64,"TNKS1, TNKS2",2.038462,leukaemia
NCI-H226,MN-64,"TNKS1, TNKS2",7.707806,lung_cancer
CAL-120,MN-64,"TNKS1, TNKS2",6.830675,breast_cancer
AsPC-1,MN-64,"TNKS1, TNKS2",7.577774,pancreatic_cancer
AU565,MN-64,"TNKS1, TNKS2",2.009084,breast_cancer
HCC1428,MN-64,"TNKS1, TNKS2",6.760017,breast_cancer
AMO-1,MN-64,"TNKS1, TNKS2",2.424748,multiple_myeloma
MOLM-13,MN-64,"TNKS1, TNKS2",2.455536,Leukemia
SU-DHL-10,MN-64,"TNKS1, TNKS2",2.347741,diffuse_histiocytic_lymphoma
NCI-H226,KRAS (G12C) Inhibitor-12,KRAS (G12C),8.4722,lung_cancer
AsPC-1,KRAS (G12C) Inhibitor-12,KRAS (G12C),8.341209,pancreatic_cancer
HCC1428,KRAS (G12C) Inhibitor-12,KRAS (G12C),7.676427,breast_cancer
NCI-H929,MG-132,"Proteasome, CAPN1",-2.928661,multiple_myeloma
AMO-1,MG-132,"Proteasome, CAPN1",-3.171575,multiple_myeloma
VMRC-LCD,BDP-00009066,MRCKB_HUMAN,6.153732,lung_cancer
NCI-H522,BDP-00009066,MRCKB_HUMAN,5.051883,lung_cancer
SK-OV-3,BDP-00009066,MRCKB_HUMAN,5.322357,ovarian_cancer
NCI-H358,BDP-00009066,MRCKB_HUMAN,5.360319,bronchioalveolar_carcinoma; non-small_cell lung_cancer
NCI-H1666,BDP-00009066,MRCKB_HUMAN,5.20259,lung_cancer
Saos-2,BDP-00009066,MRCKB_HUMAN,4.954511,osteosarcoma
SCC-9,BDP-00009066,MRCKB_HUMAN,5.707989,head_neck_cancer
ZR-75-30,BDP-00009066,MRCKB_HUMAN,6.349876,breast_cancer
AsPC-1,BDP-00009066,MRCKB_HUMAN,5.66248,pancreatic_cancer
BT-474,BDP-00009066,MRCKB_HUMAN,6.327055,breast_cancer
BT-483,BDP-00009066,MRCKB_HUMAN,6.624648,breast_cancer
OVKATE,BDP-00009066,MRCKB_HUMAN,5.132497,Ovarian Cancer
VCaP,BDP-00009066,MRCKB_HUMAN,5.833965,prostate_cancer
NCI-H226,Buparlisib,"PI3Kalpha, PI3Kdelta, PI3Kbeta, PI3Kgamma",3.447883,lung_cancer
RCM-1,Buparlisib,"PI3Kalpha, PI3Kdelta, PI3Kbeta, PI3Kgamma",3.299001,rectum; adenocarcinoma; well differentiated
AsPC-1,Buparlisib,"PI3Kalpha, PI3Kdelta, PI3Kbeta, PI3Kgamma",4.369802,pancreatic_cancer
TT,Buparlisib,"PI3Kalpha, PI3Kdelta, PI3Kbeta, PI3Kgamma",3.726463,medulla_carcinoma
HCC1428,Buparlisib,"PI3Kalpha, PI3Kdelta, PI3Kbeta, PI3Kgamma",3.558526,breast_cancer
NCI-H660,Buparlisib,"PI3Kalpha, PI3Kdelta, PI3Kbeta, PI3Kgamma",3.06831,small_cell_carcinoma
NCI-H226,Ulixertinib,"ERK1, ERK2",5.655812,lung_cancer
BT-549,Ulixertinib,"ERK1, ERK2",6.103264,breast_cancer
ZR-75-30,Ulixertinib,"ERK1, ERK2",6.964235,breast_cancer
BT-483,Ulixertinib,"ERK1, ERK2",7.283865,breast_cancer
CAL-78,Ulixertinib,"ERK1, ERK2",5.729757,chondrosarcoma
MV-4-11,Venetoclax,BCL2,-6.321848,leukaemia
CHP-126,Venetoclax,BCL2,-5.331516,neuroblastoma
AsPC-1,Venetoclax,BCL2,10.232528,pancreatic_cancer
BT-483,Venetoclax,BCL2,6.747117,breast_cancer
MOLM-13,Venetoclax,BCL2,-5.781803,Leukemia
OCI-LY-19,Venetoclax,BCL2,-4.914792,germinal center B-cell-like (GCB) DLBCL
NCI-H209,ABT737,"BCL2, BCL-XL,  BCL-W, BCL-B, BFL1",-2.531163,lung_cancer
NCI-H526,ABT737,"BCL2, BCL-XL,  BCL-W, BCL-B, BFL1",-2.541733,lung_cancer
HL-60,ABT737,"BCL2, BCL-XL,  BCL-W, BCL-B, BFL1",-2.814475,leukaemia
DB,ABT737,"BCL2, BCL-XL,  BCL-W, BCL-B, BFL1",-3.609199,germinal center B-cell-like (GCB) DLBCL
KMS-12-BM,ABT737,"BCL2, BCL-XL,  BCL-W, BCL-B, BFL1",-2.84572,Multiple Myeloma
KP-N-YN,ABT737,"BCL2, BCL-XL,  BCL-W, BCL-B, BFL1",-3.082551,neuroblastoma
MV-4-11,ABT737,"BCL2, BCL-XL,  BCL-W, BCL-B, BFL1",-4.74977,leukaemia
CHP-126,ABT737,"BCL2, BCL-XL,  BCL-W, BCL-B, BFL1",-4.538944,neuroblastoma
KP-N-RT-BM-1,ABT737,"BCL2, BCL-XL,  BCL-W, BCL-B, BFL1",-2.773951,neuroblastoma
HCC1500,ABT737,"BCL2, BCL-XL,  BCL-W, BCL-B, BFL1",-2.834415,ductal_carcinoma
MOLM-13,ABT737,"BCL2, BCL-XL,  BCL-W, BCL-B, BFL1",-4.164004,Leukemia
OCI-LY-19,ABT737,"BCL2, BCL-XL,  BCL-W, BCL-B, BFL1",-3.619691,germinal center B-cell-like (GCB) DLBCL
HCC1419,Dactinomycin,RNA polymerase,0.36054,breast_cancer
MV-4-11,Dactinomycin,RNA polymerase,-8.382858,leukaemia
SNU-449,Dactinomycin,RNA polymerase,1.571466,hepatocellular_cancer
BT-483,Dactinomycin,RNA polymerase,2.414593,breast_cancer
OVKATE,Dactinomycin,RNA polymerase,1.16443,Ovarian Cancer
MOLM-13,Dactinomycin,RNA polymerase,-8.427587,Leukemia
SU-DHL-5,Dactinomycin,RNA polymerase,-8.024532,B-cell non-Hodgkin lymphoma
NCI-H2347,Afuresertib,"AKT1, AKT2, AKT3",5.643182,lung_cancer
VMRC-LCD,Afuresertib,"AKT1, AKT2, AKT3",5.822046,lung_cancer
NCI-H929,Afuresertib,"AKT1, AKT2, AKT3",-2.572149,multiple_myeloma
SK-MES-1,Afuresertib,"AKT1, AKT2, AKT3",5.649744,lung_cancer
AsPC-1,Afuresertib,"AKT1, AKT2, AKT3",5.919199,pancreatic_cancer
CAL-148,Afuresertib,"AKT1, AKT2, AKT3",-2.390961,breast_cancer
BT-483,Afuresertib,"AKT1, AKT2, AKT3",5.684678,breast_cancer
OVKATE,Afuresertib,"AKT1, AKT2, AKT3",6.406673,Ovarian Cancer
HCC1428,Afuresertib,"AKT1, AKT2, AKT3",6.508766,breast_cancer
WSU-DLCL2,Afuresertib,"AKT1, AKT2, AKT3",-2.778041,diffuse large cell lymphoma non-cleaved type
NCI-H226,AGI-5198,IDH1 (R132H),7.139547,lung_cancer
KARPAS-299,AGI-5198,IDH1 (R132H),1.98723,CD30+_anaplastic_large_cell_lymphoma
AsPC-1,AGI-5198,IDH1 (R132H),8.700636,pancreatic_cancer
L-363,AGI-5198,IDH1 (R132H),2.746893,plasma_cell_leukemia
BT-483,AGI-5198,IDH1 (R132H),7.421582,breast_cancer
OVKATE,AGI-5198,IDH1 (R132H),7.062748,Ovarian Cancer
HCC1428,AGI-5198,IDH1 (R132H),6.511136,breast_cancer
AMO-1,AGI-5198,IDH1 (R132H),2.649497,multiple_myeloma
HCC-33,AGI-5198,IDH1 (R132H),2.625487,lung_cancer
NCI-H1648,AZD3759,EGFR,0.22636,lung_cancer
NCI-H226,AZD3759,EGFR,6.011222,lung_cancer
CAL-120,AZD3759,EGFR,4.852654,breast_cancer
KYSE-450,AZD3759,EGFR,0.188254,well differentiated invasive eosphageal squamous cell carcinoma
AsPC-1,AZD3759,EGFR,4.920827,pancreatic_cancer
BT-483,AZD3759,EGFR,5.203486,breast_cancer
CCK-81,AZD3759,EGFR,-0.349224,Colon Cancer
HCC1428,AZD3759,EGFR,5.052654,breast_cancer
OE21,AZD3759,EGFR,0.065326,oesophageal squamous cell carcinoma
NCI-H2087,AZD5363,"AKT1, AKT2, AKT3, ROCK2",6.296423,lung_cancer
Calu-6,AZD5363,"AKT1, AKT2, AKT3, ROCK2",6.358415,lung_cancer
AsPC-1,AZD5363,"AKT1, AKT2, AKT3, ROCK2",5.982977,pancreatic_cancer
BT-483,AZD5363,"AKT1, AKT2, AKT3, ROCK2",6.318343,breast_cancer
OVKATE,AZD5363,"AKT1, AKT2, AKT3, ROCK2",6.365488,Ovarian Cancer
HCC1428,AZD5363,"AKT1, AKT2, AKT3, ROCK2",6.923464,breast_cancer
KP-2,AZD5363,"AKT1, AKT2, AKT3, ROCK2",6.230699,Pancreatic Cancer
NCI-H226,AZD6738,ATR,6.853414,lung_cancer
NCI-H522,AZD6738,ATR,5.123288,lung_cancer
UACC-257,AZD6738,ATR,6.115923,melanoma
HH,AZD6738,ATR,5.803111,cutaneous T cell lymphoma
MFE-280,AZD6738,ATR,5.290331,recurrent_endometrial_carcinoma
SNU-449,AZD6738,ATR,5.558158,hepatocellular_cancer
ZR-75-30,AZD6738,ATR,5.241693,breast_cancer
AsPC-1,AZD6738,ATR,5.33532,pancreatic_cancer
TT,AZD6738,ATR,5.728353,medulla_carcinoma
BT-483,AZD6738,ATR,7.084619,breast_cancer
OVKATE,AZD6738,ATR,6.367365,Ovarian Cancer
HCC1428,AZD6738,ATR,5.847685,breast_cancer
KP-2,AZD6738,ATR,5.496825,Pancreatic Cancer
Calu-3,AZD8186,"PI3Kalpha, PI3Kbeta",6.376676,lung_cancer
Calu-6,AZD8186,"PI3Kalpha, PI3Kbeta",6.429372,lung_cancer
NCI-H226,AZD8186,"PI3Kalpha, PI3Kbeta",6.086161,lung_cancer
AsPC-1,AZD8186,"PI3Kalpha, PI3Kbeta",6.594721,pancreatic_cancer
BT-483,AZD8186,"PI3Kalpha, PI3Kbeta",7.195476,breast_cancer
HCC1428,AZD8186,"PI3Kalpha, PI3Kbeta",6.875397,breast_cancer
NCI-H226,Osimertinib,EGFR,4.519852,lung_cancer
CAL-120,Osimertinib,EGFR,4.562871,breast_cancer
AsPC-1,Osimertinib,EGFR,4.619108,pancreatic_cancer
BT-483,Osimertinib,EGFR,5.071615,breast_cancer
OV-90,Osimertinib,EGFR,4.60454,malignant_papillary_serous_adenocarcinoma
HCC1428,Osimertinib,EGFR,4.378032,breast_cancer
Calu-6,Cediranib,"VEGFR, FLT1, FLT2, FLT3, FLT4, KIT, PDGFRB",4.749443,lung_cancer
LP-1,Cediranib,"VEGFR, FLT1, FLT2, FLT3, FLT4, KIT, PDGFRB",5.028641,multiple_myeloma
ZR-75-30,Cediranib,"VEGFR, FLT1, FLT2, FLT3, FLT4, KIT, PDGFRB",5.806623,breast_cancer
AsPC-1,Cediranib,"VEGFR, FLT1, FLT2, FLT3, FLT4, KIT, PDGFRB",5.433111,pancreatic_cancer
BT-483,Cediranib,"VEGFR, FLT1, FLT2, FLT3, FLT4, KIT, PDGFRB",5.399593,breast_cancer
NCI-H226,Ipatasertib,"AKT1, AKT, AKT3",6.679834,lung_cancer
BT-483,Ipatasertib,"AKT1, AKT, AKT3",6.325589,breast_cancer
HCC1428,Ipatasertib,"AKT1, AKT, AKT3",6.794329,breast_cancer
WSU-DLCL2,Ipatasertib,"AKT1, AKT, AKT3",-2.433964,diffuse large cell lymphoma non-cleaved type
NCI-H2122,GDC0810,"ESR1, ESR2",2.234024,lung_cancer
HL-60,GDC0810,"ESR1, ESR2",1.950967,leukaemia
NCI-H226,GDC0810,"ESR1, ESR2",7.391518,lung_cancer
MCF7,GDC0810,"ESR1, ESR2",2.570747,breast_cancer
EFM-19,GDC0810,"ESR1, ESR2",2.962467,breast_cancer
MDA-MB-175-VII,GDC0810,"ESR1, ESR2",7.143339,invasive_ductal_carcinoma
AsPC-1,GDC0810,"ESR1, ESR2",7.854789,pancreatic_cancer
CAMA-1,GDC0810,"ESR1, ESR2",2.723365,breast_cancer
BT-483,GDC0810,"ESR1, ESR2",7.596355,breast_cancer
OVKATE,GDC0810,"ESR1, ESR2",8.637876,Ovarian Cancer
AMO-1,GDC0810,"ESR1, ESR2",2.97007,multiple_myeloma
SU-DHL-5,GDC0810,"ESR1, ESR2",2.906732,B-cell non-Hodgkin lymphoma
NCI-H929,GNE-317,PI3Kalpha,-2.556241,multiple_myeloma
NCI-H226,GNE-317,PI3Kalpha,3.728409,lung_cancer
NCI-H522,GNE-317,PI3Kalpha,3.941234,lung_cancer
Saos-2,GNE-317,PI3Kalpha,4.065361,osteosarcoma
HCC1428,GNE-317,PI3Kalpha,3.709413,breast_cancer
JJN-3,GNE-317,PI3Kalpha,3.822113,multiple_myeloma
HL-60,GSK2578215A,LRRK2,2.066676,leukaemia
SW620,GSK2578215A,LRRK2,6.931848,colon_cancer
CAL-120,GSK2578215A,LRRK2,7.18119,breast_cancer
MDA-MB-175-VII,GSK2578215A,LRRK2,7.205735,invasive_ductal_carcinoma
MV-4-11,GSK2578215A,LRRK2,2.603353,leukaemia
RPMI-8402,GSK2578215A,LRRK2,2.437058,TALL
AsPC-1,GSK2578215A,LRRK2,7.328126,pancreatic_cancer
BT-483,GSK2578215A,LRRK2,7.352633,breast_cancer
OVKATE,GSK2578215A,LRRK2,8.2378,Ovarian Cancer
HCC1428,GSK2578215A,LRRK2,6.989112,breast_cancer
HPAC,GSK2578215A,LRRK2,7.311339,Pancreatic Cancer
WSU-DLCL2,GSK2578215A,LRRK2,2.823362,diffuse large cell lymphoma non-cleaved type
NCI-H2347,I-BRD9,BRD9,6.973729,lung_cancer
KMS-12-BM,I-BRD9,BRD9,1.515912,Multiple Myeloma
RPMI-8402,I-BRD9,BRD9,1.752443,TALL
AsPC-1,I-BRD9,BRD9,7.138624,pancreatic_cancer
SU-DHL-5,I-BRD9,BRD9,1.593498,B-cell non-Hodgkin lymphoma
WSU-DLCL2,I-BRD9,BRD9,1.695922,diffuse large cell lymphoma non-cleaved type
NCI-H226,Telomerase Inhibitor IX,Telomerase,5.434158,lung_cancer
AsPC-1,Telomerase Inhibitor IX,Telomerase,5.830181,pancreatic_cancer
HCC-15,Telomerase Inhibitor IX,Telomerase,3.706997,lung_cancer
OVKATE,Telomerase Inhibitor IX,Telomerase,6.09302,Ovarian Cancer
SUIT-2,Telomerase Inhibitor IX,Telomerase,4.27208,moderately differentiated tubular adenocarcinoma
HPAC,Telomerase Inhibitor IX,Telomerase,3.359522,Pancreatic Cancer
SU-DHL-5,Telomerase Inhibitor IX,Telomerase,-2.248804,B-cell non-Hodgkin lymphoma
NCI-H929,MIRA-1,TP53,2.403002,multiple_myeloma
PF-382,MIRA-1,TP53,2.043726,TALL
RPMI-8402,MIRA-1,TP53,1.797905,TALL
AsPC-1,MIRA-1,TP53,8.497832,pancreatic_cancer
OVKATE,MIRA-1,TP53,8.709081,Ovarian Cancer
AMO-1,MIRA-1,TP53,2.343603,multiple_myeloma
SU-DHL-5,MIRA-1,TP53,1.58461,B-cell non-Hodgkin lymphoma
SK-OV-3,NVP-ADW742,IGF1R,6.294523,ovarian_cancer
MDA-MB-175-VII,NVP-ADW742,IGF1R,7.204414,invasive_ductal_carcinoma
AsPC-1,NVP-ADW742,IGF1R,6.238009,pancreatic_cancer
BT-483,NVP-ADW742,IGF1R,8.179901,breast_cancer
NCI-H226,P22077,"USP7, USP47",7.615286,lung_cancer
AsPC-1,P22077,"USP7, USP47",8.548861,pancreatic_cancer
BT-483,P22077,"USP7, USP47",8.096007,breast_cancer
OVKATE,P22077,"USP7, USP47",8.672219,Ovarian Cancer
SBC-5,Savolitinib,MET,0.132214,lung_cancer
EBC-1,Savolitinib,MET,-5.456722,lung_cancer
NCI-H226,Savolitinib,MET,5.147938,lung_cancer
MDA-MB-175-VII,Savolitinib,MET,5.416232,invasive_ductal_carcinoma
AsPC-1,Savolitinib,MET,6.401627,pancreatic_cancer
RERF-LC-MS,Savolitinib,MET,-0.054981,lung_cancer
TT,Savolitinib,MET,5.217281,medulla_carcinoma
OVKATE,Savolitinib,MET,5.988708,Ovarian Cancer
NCI-H226,UMI-77,MCL1,7.607796,lung_cancer
LoVo,UMI-77,MCL1,5.831207,colorectal_cancer
ZR-75-30,UMI-77,MCL1,6.053443,breast_cancer
AsPC-1,UMI-77,MCL1,8.667461,pancreatic_cancer
TT,UMI-77,MCL1,7.00638,medulla_carcinoma
BT-474,UMI-77,MCL1,6.259538,breast_cancer
BT-483,UMI-77,MCL1,6.42745,breast_cancer
EN,UMI-77,MCL1,5.750148,Endometrial Cancer
OV-90,UMI-77,MCL1,6.179984,malignant_papillary_serous_adenocarcinoma
VMRC-LCD,WIKI4,"TNKS1, TNKS2",6.196763,lung_cancer
HCC2157,WIKI4,"TNKS1, TNKS2",1.781575,ductal_carcinoma
SK-OV-3,WIKI4,"TNKS1, TNKS2",5.738262,ovarian_cancer
SW620,WIKI4,"TNKS1, TNKS2",6.058706,colon_cancer
ZR-75-30,WIKI4,"TNKS1, TNKS2",6.836985,breast_cancer
AsPC-1,WIKI4,"TNKS1, TNKS2",7.807659,pancreatic_cancer
OV-90,WIKI4,"TNKS1, TNKS2",5.764138,malignant_papillary_serous_adenocarcinoma
SK-N-FI,Sepantronium bromide,BIRC5,2.423366,neuroblastoma
AsPC-1,MIM1,MCL1,7.315004,pancreatic_cancer
UACC-812,MIM1,MCL1,6.425037,invasive_ductal_carcinoma
HCC1428,MIM1,MCL1,6.98944,breast_cancer
P12-ICHIKAWA,WEHI-539,BCL-XL,-2.867656,TALL
TT,WEHI-539,BCL-XL,7.14341,medulla_carcinoma
ALL-SIL,WEHI-539,BCL-XL,-2.686208,TALL
L-1236,WEHI-539,BCL-XL,-2.618592,lymphoma
NCI-H2347,ICL-SIRT078,SIR2,7.351741,lung_cancer
NCI-H226,ICL-SIRT078,SIR2,7.575916,lung_cancer
SK-OV-3,ICL-SIRT078,SIR2,7.49496,ovarian_cancer
AsPC-1,ICL-SIRT078,SIR2,7.54426,pancreatic_cancer
TT,ICL-SIRT078,SIR2,7.279157,medulla_carcinoma
BT-483,ICL-SIRT078,SIR2,7.87868,breast_cancer
SK-OV-3,GSK343,EZH2,7.272618,ovarian_cancer
SW620,GSK343,EZH2,7.599971,colon_cancer
AsPC-1,GSK343,EZH2,7.413197,pancreatic_cancer
SU-DHL-5,GSK343,EZH2,1.70854,B-cell non-Hodgkin lymphoma
SU-DHL-6,GSK343,EZH2,1.744568,B-cell non-Hodgkin lymphoma
WSU-DLCL2,GSK343,EZH2,1.702683,diffuse large cell lymphoma non-cleaved type
KARPAS-299,UNC0638,"G9A, GLP",1.183445,CD30+_anaplastic_large_cell_lymphoma
P12-ICHIKAWA,UNC0638,"G9A, GLP",0.978504,TALL
Raji,UNC0638,"G9A, GLP",1.251986,lymphoma
RPMI-8402,UNC0638,"G9A, GLP",0.925759,TALL
AsPC-1,UNC0638,"G9A, GLP",7.912271,pancreatic_cancer
BT-483,UNC0638,"G9A, GLP",7.162125,breast_cancer
OVKATE,UNC0638,"G9A, GLP",6.989949,Ovarian Cancer
AMO-1,UNC0638,"G9A, GLP",1.206871,multiple_myeloma
SU-DHL-5,UNC0638,"G9A, GLP",0.973437,B-cell non-Hodgkin lymphoma
NCI-H226,AGK2,"BAZ2A, BAZ2B",6.919928,lung_cancer
MFE-280,AGK2,"BAZ2A, BAZ2B",5.193517,recurrent_endometrial_carcinoma
MV-4-11,AGK2,"BAZ2A, BAZ2B",1.214017,leukaemia
AsPC-1,AGK2,"BAZ2A, BAZ2B",6.494548,pancreatic_cancer
CAL-148,AGK2,"BAZ2A, BAZ2B",1.230914,breast_cancer
TT,AGK2,"BAZ2A, BAZ2B",5.981678,medulla_carcinoma
BT-483,AGK2,"BAZ2A, BAZ2B",5.839127,breast_cancer
OVKATE,AGK2,"BAZ2A, BAZ2B",6.973377,Ovarian Cancer
NCI-H2347,Foretinib,"MET, KDR, TIE2, VEGFR3/FLT4, RON, PDGFR, FGFR1, EGFR",4.234566,lung_cancer
T24,Foretinib,"MET, KDR, TIE2, VEGFR3/FLT4, RON, PDGFR, FGFR1, EGFR",3.648877,transitional_cell_carcinoma
EBC-1,Foretinib,"MET, KDR, TIE2, VEGFR3/FLT4, RON, PDGFR, FGFR1, EGFR",-4.726224,lung_cancer
PC-3,Foretinib,"MET, KDR, TIE2, VEGFR3/FLT4, RON, PDGFR, FGFR1, EGFR",4.166099,prostate_cancer
HCC1419,Foretinib,"MET, KDR, TIE2, VEGFR3/FLT4, RON, PDGFR, FGFR1, EGFR",4.535382,breast_cancer
MV-4-11,Foretinib,"MET, KDR, TIE2, VEGFR3/FLT4, RON, PDGFR, FGFR1, EGFR",-5.74905,leukaemia
BT-474,Foretinib,"MET, KDR, TIE2, VEGFR3/FLT4, RON, PDGFR, FGFR1, EGFR",4.051026,breast_cancer
BT-483,Foretinib,"MET, KDR, TIE2, VEGFR3/FLT4, RON, PDGFR, FGFR1, EGFR",8.028003,breast_cancer
MDA-MB-436,Foretinib,"MET, KDR, TIE2, VEGFR3/FLT4, RON, PDGFR, FGFR1, EGFR",3.93862,breast_cancer
MOLM-13,Foretinib,"MET, KDR, TIE2, VEGFR3/FLT4, RON, PDGFR, FGFR1, EGFR",-5.850523,Leukemia
SK-N-DZ,BIBR-1532,TERT,2.412197,neuroblastoma
NCI-H226,BIBR-1532,TERT,7.453984,lung_cancer
Raji,BIBR-1532,TERT,2.941419,lymphoma
BT-483,BIBR-1532,TERT,7.369655,breast_cancer
OVKATE,BIBR-1532,TERT,7.756094,Ovarian Cancer
JJN-3,BIBR-1532,TERT,2.200071,multiple_myeloma
SU-DHL-10,BIBR-1532,TERT,2.644478,diffuse_histiocytic_lymphoma
SW620,AMG-319,PI3K (beta sparing),7.255927,colon_cancer
CAL-120,AMG-319,PI3K (beta sparing),7.35431,breast_cancer
MDA-MB-175-VII,AMG-319,PI3K (beta sparing),7.587416,invasive_ductal_carcinoma
RPMI-8402,AMG-319,PI3K (beta sparing),2.136962,TALL
THP-1,AMG-319,PI3K (beta sparing),2.005434,acute_monocytic_leukemia
AsPC-1,AMG-319,PI3K (beta sparing),7.64091,pancreatic_cancer
BT-483,AMG-319,PI3K (beta sparing),7.356982,breast_cancer
WSU-DLCL2,AMG-319,PI3K (beta sparing),1.76753,diffuse large cell lymphoma non-cleaved type
MDA-MB-175-VII,MK-8776,"CHEK1, CHEK2, CDK2",6.467124,invasive_ductal_carcinoma
NCI-H1666,MK-8776,"CHEK1, CHEK2, CDK2",6.400187,lung_cancer
BT-483,MK-8776,"CHEK1, CHEK2, CDK2",7.300875,breast_cancer
OVKATE,MK-8776,"CHEK1, CHEK2, CDK2",7.377833,Ovarian Cancer
ZR-75-30,Ulixertinib,"ERK1, ERK2",5.418228,breast_cancer
OVKATE,Ulixertinib,"ERK1, ERK2",6.314893,Ovarian Cancer
Calu-3,Vinorelbine,Microtubule destabiliser,1.79825,lung_cancer
NCI-H1650,Vinorelbine,Microtubule destabiliser,2.361168,lung_cancer
NCI-H2347,Vinorelbine,Microtubule destabiliser,2.860225,lung_cancer
MDA-MB-175-VII,Vinorelbine,Microtubule destabiliser,1.610469,invasive_ductal_carcinoma
SNU-449,Vinorelbine,Microtubule destabiliser,1.383509,hepatocellular_cancer
ZR-75-30,Vinorelbine,Microtubule destabiliser,1.944143,breast_cancer
AsPC-1,Vinorelbine,Microtubule destabiliser,2.967012,pancreatic_cancer
TT,Vinorelbine,Microtubule destabiliser,2.503232,medulla_carcinoma
BT-483,Vinorelbine,Microtubule destabiliser,2.777108,breast_cancer
OVKATE,Vinorelbine,Microtubule destabiliser,3.56926,Ovarian Cancer
SUIT-2,Vinorelbine,Microtubule destabiliser,1.266738,moderately differentiated tubular adenocarcinoma
NCI-H1650,VX-11e,ERK2,5.966824,lung_cancer
HCC38,VX-11e,ERK2,6.023051,breast_cancer
PC-3,VX-11e,ERK2,5.666097,prostate_cancer
SK-MEL-31,VX-11e,ERK2,5.672215,malignant_melanoma
TT,VX-11e,ERK2,6.255862,medulla_carcinoma
BT-483,VX-11e,ERK2,7.585554,breast_cancer
OVKATE,VX-11e,ERK2,6.755981,Ovarian Cancer
NCI-H929,Uprosertib,"AKT1, AKT2, AKT3",-2.76986,multiple_myeloma
NCI-H226,Uprosertib,"AKT1, AKT2, AKT3",7.993015,lung_cancer
SW620,Uprosertib,"AKT1, AKT2, AKT3",7.277242,colon_cancer
CAL-148,Uprosertib,"AKT1, AKT2, AKT3",-2.434579,breast_cancer
OVKATE,Uprosertib,"AKT1, AKT2, AKT3",7.51209,Ovarian Cancer
SUIT-2,Uprosertib,"AKT1, AKT2, AKT3",6.707881,moderately differentiated tubular adenocarcinoma
HPAC,Uprosertib,"AKT1, AKT2, AKT3",6.654299,Pancreatic Cancer
SU-DHL-6,Uprosertib,"AKT1, AKT2, AKT3",-2.26851,B-cell non-Hodgkin lymphoma
WSU-DLCL2,Uprosertib,"AKT1, AKT2, AKT3",-3.812284,diffuse large cell lymphoma non-cleaved type
NCI-H2347,LJI308,"RSK2, RSK1, RSK3",7.275298,lung_cancer
NCI-H226,LJI308,"RSK2, RSK1, RSK3",7.955898,lung_cancer
SW620,LJI308,"RSK2, RSK1, RSK3",7.934509,colon_cancer
CHP-212,LJI308,"RSK2, RSK1, RSK3",2.719511,neuroblastoma
SU-DHL-1,LJI308,"RSK2, RSK1, RSK3",2.751066,anaplastic_large_cell_lymphoma
AsPC-1,LJI308,"RSK2, RSK1, RSK3",8.478517,pancreatic_cancer
BT-483,LJI308,"RSK2, RSK1, RSK3",8.171392,breast_cancer
OVKATE,LJI308,"RSK2, RSK1, RSK3",7.863366,Ovarian Cancer
MOLM-13,LJI308,"RSK2, RSK1, RSK3",2.299457,Leukemia
OCI-LY-19,LJI308,"RSK2, RSK1, RSK3",2.822358,germinal center B-cell-like (GCB) DLBCL
T24,AZ6102,"TNKS1, TNKS2",5.643056,transitional_cell_carcinoma
PC-3,AZ6102,"TNKS1, TNKS2",6.217296,prostate_cancer
SK-MEL-31,AZ6102,"TNKS1, TNKS2",6.182449,malignant_melanoma
ZR-75-30,AZ6102,"TNKS1, TNKS2",5.14709,breast_cancer
AsPC-1,AZ6102,"TNKS1, TNKS2",4.954289,pancreatic_cancer
BT-474,AZ6102,"TNKS1, TNKS2",5.051128,breast_cancer
BT-483,AZ6102,"TNKS1, TNKS2",5.666941,breast_cancer
OV-90,AZ6102,"TNKS1, TNKS2",5.32689,malignant_papillary_serous_adenocarcinoma
OVKATE,AZ6102,"TNKS1, TNKS2",6.601308,Ovarian Cancer
NCI-H660,AZ6102,"TNKS1, TNKS2",5.172665,small_cell_carcinoma
NCI-H1650,GSK591,PMRT5,6.811882,lung_cancer
MOLT-4,GSK591,PMRT5,1.589347,leukaemia
SK-OV-3,GSK591,PMRT5,6.977392,ovarian_cancer
KARPAS-299,GSK591,PMRT5,1.82923,CD30+_anaplastic_large_cell_lymphoma
NAMALWA,GSK591,PMRT5,1.713594,lymphoma
BT-483,GSK591,PMRT5,7.808117,breast_cancer
OVKATE,GSK591,PMRT5,8.009838,Ovarian Cancer
HCC1428,GSK591,PMRT5,6.821,breast_cancer
HPAC,GSK591,PMRT5,6.834653,Pancreatic Cancer
NCI-H2347,VE821,ATR,7.130692,lung_cancer
NCI-H226,VE821,ATR,7.63114,lung_cancer
BT-483,VE821,ATR,8.154673,breast_cancer
OVKATE,VE821,ATR,7.869508,Ovarian Cancer
Calu-3,CT7033-2,"KDM4A, KDM4C, KDM4E, KDM3A, KDM6B",4.329329,lung_cancer
NCI-H1650,CT7033-2,"KDM4A, KDM4C, KDM4E, KDM3A, KDM6B",4.152688,lung_cancer
NCI-H2347,CT7033-2,"KDM4A, KDM4C, KDM4E, KDM3A, KDM6B",4.544348,lung_cancer
HCC1937,CT7033-2,"KDM4A, KDM4C, KDM4E, KDM3A, KDM6B",4.183883,ductal_carcinoma
HCC1419,CT7033-2,"KDM4A, KDM4C, KDM4E, KDM3A, KDM6B",4.368421,breast_cancer
ZR-75-30,CT7033-2,"KDM4A, KDM4C, KDM4E, KDM3A, KDM6B",4.045105,breast_cancer
AsPC-1,CT7033-2,"KDM4A, KDM4C, KDM4E, KDM3A, KDM6B",7.369526,pancreatic_cancer
TT,CT7033-2,"KDM4A, KDM4C, KDM4E, KDM3A, KDM6B",4.852744,medulla_carcinoma
BT-483,CT7033-2,"KDM4A, KDM4C, KDM4E, KDM3A, KDM6B",4.445412,breast_cancer
OVKATE,CT7033-2,"KDM4A, KDM4C, KDM4E, KDM3A, KDM6B",6.244783,Ovarian Cancer
NCI-H2347,GSK-LSD1-2HCl ,LSD1,4.535878,lung_cancer
NCI-H226,GSK-LSD1-2HCl ,LSD1,5.757597,lung_cancer
KM12,GSK-LSD1-2HCl ,LSD1,0.282586,colon_cancer
CAL-120,GSK-LSD1-2HCl ,LSD1,4.580699,breast_cancer
MDA-MB-175-VII,GSK-LSD1-2HCl ,LSD1,4.651487,invasive_ductal_carcinoma
MV-4-11,GSK-LSD1-2HCl ,LSD1,0.267816,leukaemia
NCI-H1666,GSK-LSD1-2HCl ,LSD1,4.714935,lung_cancer
SNU-449,GSK-LSD1-2HCl ,LSD1,4.655931,hepatocellular_cancer
AsPC-1,GSK-LSD1-2HCl ,LSD1,6.372268,pancreatic_cancer
BT-483,GSK-LSD1-2HCl ,LSD1,5.700881,breast_cancer
OVKATE,GSK-LSD1-2HCl ,LSD1,4.586834,Ovarian Cancer
NCI-H1650,5-azacytidine,DNA methyltransferases,6.294498,lung_cancer
NCI-H2347,5-azacytidine,DNA methyltransferases,6.555923,lung_cancer
NCI-H661,5-azacytidine,DNA methyltransferases,6.268532,large_cell_lung_cancer
HCC1419,5-azacytidine,DNA methyltransferases,6.233668,breast_cancer
HH,5-azacytidine,DNA methyltransferases,6.062384,cutaneous T cell lymphoma
SCC-9,5-azacytidine,DNA methyltransferases,6.004297,head_neck_cancer
AsPC-1,5-azacytidine,DNA methyltransferases,8.516161,pancreatic_cancer
BT-483,5-azacytidine,DNA methyltransferases,6.025254,breast_cancer
OVKATE,5-azacytidine,DNA methyltransferases,7.717682,Ovarian Cancer
KP-2,5-azacytidine,DNA methyltransferases,6.346694,Pancreatic Cancer
NCI-H2347,A-366,"EHMT1, EHMT2",7.398464,lung_cancer
NCI-H226,A-366,"EHMT1, EHMT2",7.064888,lung_cancer
CAL-120,A-366,"EHMT1, EHMT2",7.291613,breast_cancer
SNU-449,A-366,"EHMT1, EHMT2",7.194286,hepatocellular_cancer
AsPC-1,A-366,"EHMT1, EHMT2",8.377632,pancreatic_cancer
TT,A-366,"EHMT1, EHMT2",7.043562,medulla_carcinoma
BT-483,A-366,"EHMT1, EHMT2",7.864737,breast_cancer
OVKATE,A-366,"EHMT1, EHMT2",7.880789,Ovarian Cancer
WSU-DLCL2,A-366,"EHMT1, EHMT2",1.609272,diffuse large cell lymphoma non-cleaved type
SNU-449,CPI-637,EP300,7.194789,hepatocellular_cancer
AsPC-1,CPI-637,EP300,8.606029,pancreatic_cancer
OVKATE,CPI-637,EP300,7.272851,Ovarian Cancer
NCI-H226,UNC0379,SETD8,7.869372,lung_cancer
AsPC-1,UNC0379,SETD8,7.437509,pancreatic_cancer
BT-483,UNC0379,SETD8,7.113275,breast_cancer
OVKATE,UNC0379,SETD8,8.181564,Ovarian Cancer
HCC1428,AZD6482,PI3Kbeta,6.94522,breast_cancer
NCI-H1650,AT13148,AKT1,6.970228,lung_cancer
NCI-H2347,AT13148,AKT1,7.122405,lung_cancer
NCI-H226,AT13148,AKT1,6.751164,lung_cancer
AsPC-1,AT13148,AKT1,7.1743,pancreatic_cancer
TT,AT13148,AKT1,7.438972,medulla_carcinoma
BT-483,AT13148,AKT1,8.309792,breast_cancer
OVKATE,AT13148,AKT1,8.198783,Ovarian Cancer
SK-ES-1,BMS-754807,"IGF1R, IR",-2.621207,Ewing family tumor
NCI-H2347,BMS-754807,"IGF1R, IR",7.578632,lung_cancer
NCI-H929,BMS-754807,"IGF1R, IR",-4.665838,multiple_myeloma
SK-OV-3,BMS-754807,"IGF1R, IR",6.180892,ovarian_cancer
KMS-12-BM,BMS-754807,"IGF1R, IR",-2.636496,Multiple Myeloma
MDA-MB-175-VII,BMS-754807,"IGF1R, IR",6.871392,invasive_ductal_carcinoma
ZR-75-30,BMS-754807,"IGF1R, IR",6.836522,breast_cancer
AsPC-1,BMS-754807,"IGF1R, IR",8.153571,pancreatic_cancer
UACC-812,BMS-754807,"IGF1R, IR",6.285333,invasive_ductal_carcinoma
BT-474,BMS-754807,"IGF1R, IR",6.635484,breast_cancer
BT-483,BMS-754807,"IGF1R, IR",6.535961,breast_cancer
MDA-MB-436,BMS-754807,"IGF1R, IR",6.290538,breast_cancer
KMS-11,BMS-754807,"IGF1R, IR",-2.347984,multiple_myeloma
NCI-H929,JQ1,"BRD2, BRD3, BRD4, BRDT",-2.352515,multiple_myeloma
PC-3,JQ1,"BRD2, BRD3, BRD4, BRDT",6.314146,prostate_cancer
CAL-120,JQ1,"BRD2, BRD3, BRD4, BRDT",6.981601,breast_cancer
KMS-12-BM,JQ1,"BRD2, BRD3, BRD4, BRDT",-2.325792,Multiple Myeloma
MV-4-11,JQ1,"BRD2, BRD3, BRD4, BRDT",-2.979964,leukaemia
OPM-2,JQ1,"BRD2, BRD3, BRD4, BRDT",-2.390862,multiple_myeloma
SNU-449,JQ1,"BRD2, BRD3, BRD4, BRDT",5.941049,hepatocellular_cancer
AsPC-1,JQ1,"BRD2, BRD3, BRD4, BRDT",6.837543,pancreatic_cancer
UACC-812,JQ1,"BRD2, BRD3, BRD4, BRDT",6.275062,invasive_ductal_carcinoma
KMS-12-BM,PFI-1,BRD4,1.673449,Multiple Myeloma
ZR-75-30,PFI-1,BRD4,6.40038,breast_cancer
AsPC-1,PFI-1,BRD4,7.548297,pancreatic_cancer
RCH-ACV,PFI-1,BRD4,1.662136,acute lymphoblastic leukemia
SU-DHL-10,PFI-1,BRD4,1.435041,diffuse_histiocytic_lymphoma
PC-14,IOX2,EGLN1,4.167781,lung_cancer
HT-29,IOX2,EGLN1,4.28134,colon_cancer
SW620,IOX2,EGLN1,4.762408,colon_cancer
SW620,CHIR-99021,"GSK3A, GSK3B",7.884993,colon_cancer
NCI-H2347,SGC0946,DOT1L,3.71231,lung_cancer
KELLY,SGC0946,DOT1L,0.361807,neuroblastoma
MC116,SGC0946,DOT1L,0.430966,undifferentiated B lymphoma
MDA-MB-175-VII,SGC0946,DOT1L,3.97853,invasive_ductal_carcinoma
RPMI-8402,SGC0946,DOT1L,0.343768,TALL
ZR-75-30,SGC0946,DOT1L,3.904823,breast_cancer
AsPC-1,SGC0946,DOT1L,3.975548,pancreatic_cancer
HCC1428,SGC0946,DOT1L,3.844506,breast_cancer
SU-DHL-10,SGC0946,DOT1L,0.220859,diffuse_histiocytic_lymphoma
NCI-H226,GSK2830371,WIP1,7.845564,lung_cancer
MOLT-4,GSK2830371,WIP1,2.479273,leukaemia
MV-4-11,GSK2830371,WIP1,1.739554,leukaemia
AsPC-1,GSK2830371,WIP1,8.714451,pancreatic_cancer
OVKATE,GSK2830371,WIP1,8.204205,Ovarian Cancer
MOLM-13,GSK2830371,WIP1,2.285848,Leukemia
SU-DHL-5,GSK2830371,WIP1,1.806996,B-cell non-Hodgkin lymphoma
SU-DHL-6,GSK2830371,WIP1,3.039247,B-cell non-Hodgkin lymphoma
WSU-DLCL2,GSK2830371,WIP1,2.481472,diffuse large cell lymphoma non-cleaved type
HT-29,THR-101,Mutant RAS,2.976313,colon_cancer
NCI-H226,THR-101,Mutant RAS,7.373089,lung_cancer
CAL-120,THR-101,Mutant RAS,7.336294,breast_cancer
HH,THR-101,Mutant RAS,2.850845,cutaneous T cell lymphoma
MV-4-11,THR-101,Mutant RAS,3.000446,leukaemia
RPMI-8402,THR-101,Mutant RAS,2.681311,TALL
AsPC-1,THR-101,Mutant RAS,8.066498,pancreatic_cancer
BT-483,THR-101,Mutant RAS,7.732788,breast_cancer
SU-DHL-5,THR-101,Mutant RAS,2.958396,B-cell non-Hodgkin lymphoma
SU-DHL-6,THR-101,Mutant RAS,2.974835,B-cell non-Hodgkin lymphoma
HT-29,THR-102,Mutant RAS,3.042875,colon_cancer
MDA-MB-175-VII,THR-102,Mutant RAS,7.044092,invasive_ductal_carcinoma
NCI-H1666,THR-102,Mutant RAS,7.014904,lung_cancer
RPMI-8402,THR-102,Mutant RAS,2.670155,TALL
KM-H2,THR-102,Mutant RAS,2.974447,lymphoma
BT-483,THR-102,Mutant RAS,7.818732,breast_cancer
OVKATE,THR-102,Mutant RAS,7.292481,Ovarian Cancer
SU-DHL-5,THR-102,Mutant RAS,2.063615,B-cell non-Hodgkin lymphoma
SU-DHL-6,THR-102,Mutant RAS,2.821919,B-cell non-Hodgkin lymphoma
NCI-H1650,THR-103,Mutant RAS,6.769742,lung_cancer
AsPC-1,THR-103,Mutant RAS,7.716305,pancreatic_cancer
BT-483,THR-103,Mutant RAS,6.857356,breast_cancer
SU-DHL-5,THR-103,Mutant RAS,1.756624,B-cell non-Hodgkin lymphoma
NCI-H209,ascorbate (vitamin C),anti-oxidant proteins,7.278135,lung_cancer
NCI-H226,ascorbate (vitamin C),anti-oxidant proteins,12.865948,lung_cancer
KMS-12-BM,ascorbate (vitamin C),anti-oxidant proteins,7.523293,Multiple Myeloma
L-428,ascorbate (vitamin C),anti-oxidant proteins,7.225343,lymphoma
AsPC-1,ascorbate (vitamin C),anti-oxidant proteins,12.934146,pancreatic_cancer
RPMI-7951,ascorbate (vitamin C),anti-oxidant proteins,7.545647,melanoma
SU-DHL-5,ascorbate (vitamin C),anti-oxidant proteins,7.100119,B-cell non-Hodgkin lymphoma
SU-DHL-6,ascorbate (vitamin C),anti-oxidant proteins,7.19839,B-cell non-Hodgkin lymphoma
DOV13,ascorbate (vitamin C),anti-oxidant proteins,7.221516,Ovarian Cancer
SK-N-FI,glutathione,anti-oxidant proteins,6.94767,neuroblastoma
NCI-H226,glutathione,anti-oxidant proteins,11.368788,lung_cancer
MDA-MB-175-VII,glutathione,anti-oxidant proteins,11.289763,invasive_ductal_carcinoma
ZR-75-30,glutathione,anti-oxidant proteins,11.193687,breast_cancer
HPAC,glutathione,anti-oxidant proteins,10.958037,Pancreatic Cancer
SU-DHL-5,glutathione,anti-oxidant proteins,6.028132,B-cell non-Hodgkin lymphoma
HCC2157,alpha-lipoic acid,Metabolism,4.488906,ductal_carcinoma
HL-60,alpha-lipoic acid,Metabolism,5.007725,leukaemia
NCI-H226,alpha-lipoic acid,Metabolism,9.636238,lung_cancer
SW620,alpha-lipoic acid,Metabolism,10.134473,colon_cancer
KM-H2,alpha-lipoic acid,Metabolism,5.429207,lymphoma
AsPC-1,alpha-lipoic acid,Metabolism,10.980064,pancreatic_cancer
OVKATE,alpha-lipoic acid,Metabolism,10.244124,Ovarian Cancer
NCI-H1650,N-acetyl cysteine,Metabolism,11.748985,lung_cancer
SK-N-SH,N-acetyl cysteine,Metabolism,8.2045,neuroblastoma
NCI-H226,N-acetyl cysteine,Metabolism,12.195013,lung_cancer
CAL-120,N-acetyl cysteine,Metabolism,12.21506,breast_cancer
MDA-MB-175-VII,N-acetyl cysteine,Metabolism,12.265135,invasive_ductal_carcinoma
NCI-H1666,N-acetyl cysteine,Metabolism,11.955368,lung_cancer
KM-H2,N-acetyl cysteine,Metabolism,8.19002,lymphoma
